# Blender 5.2.2 LTS
# www.blender.org
mtllib subwoofer.mtl
o empty_6.001
v 0.647691 0.303278 0.049689
v 0.642732 0.303278 0.049689
v 0.647691 0.314501 0.049689
v 0.642732 0.314501 0.049689
v 0.647691 0.304596 -0.000334
v 0.642732 0.304596 -0.000334
v 0.647691 0.304596 0.021382
v 0.642732 0.304596 0.021382
v 0.642732 0.304596 0.021382
v 0.642732 0.317868 0.021382
v 0.647691 0.317868 0.021382
v 0.647691 0.304596 0.021382
v 0.642732 0.317868 0.021382
v 0.642732 0.317868 -0.000334
v 0.647691 0.317868 -0.000334
v 0.647691 0.317868 0.021382
v 0.642732 0.317868 -0.000334
v 0.642732 0.304596 -0.000334
v 0.647691 0.304596 -0.000334
v 0.647691 0.317868 -0.000334
v 0.642732 0.303278 -0.028395
v 0.647691 0.303278 -0.028395
v 0.642732 0.314501 -0.028395
v 0.647691 0.314501 -0.028395
v 0.647691 0.303278 -0.028395
v 0.647691 0.303278 0.049689
v 0.647691 0.314501 -0.028395
v 0.647691 0.314956 -0.028374
v 0.647691 0.315420 -0.028307
v 0.647691 0.315887 -0.028194
v 0.647691 0.316302 -0.028050
v 0.647691 0.316668 -0.027887
v 0.647691 0.317022 -0.027693
v 0.647691 0.317361 -0.027469
v 0.647691 0.317680 -0.027217
v 0.647691 0.317977 -0.026940
v 0.647691 0.318248 -0.026641
v 0.647691 0.318491 -0.026323
v 0.647691 0.318705 -0.025991
v 0.647691 0.318889 -0.025648
v 0.647691 0.319043 -0.025298
v 0.647691 0.319146 -0.025008
v 0.647691 0.319230 -0.024717
v 0.647691 0.320854 -0.016999
v 0.647691 0.321835 -0.009160
v 0.647691 0.322162 -0.001280
v 0.647691 0.322162 0.022574
v 0.647691 0.321835 0.030454
v 0.647691 0.320854 0.038293
v 0.647691 0.319230 0.046011
v 0.647691 0.319097 0.046447
v 0.647691 0.318919 0.046880
v 0.647691 0.318694 0.047304
v 0.647691 0.318452 0.047672
v 0.647691 0.318204 0.047986
v 0.647691 0.317928 0.048282
v 0.647691 0.317628 0.048555
v 0.647691 0.317305 0.048802
v 0.647691 0.316964 0.049021
v 0.647691 0.316607 0.049210
v 0.647691 0.316240 0.049368
v 0.647691 0.315865 0.049494
v 0.647691 0.315487 0.049588
v 0.647691 0.315110 0.049650
v 0.647691 0.314803 0.049679
v 0.647691 0.314501 0.049689
v 0.647691 0.317868 -0.000334
v 0.647691 0.317868 0.021382
v 0.647691 0.304596 -0.000334
v 0.647691 0.304596 0.021382
v 0.647691 0.314501 -0.028395
v 0.647691 0.314956 -0.028374
v 0.647691 0.315420 -0.028307
v 0.647691 0.315887 -0.028194
v 0.647691 0.316302 -0.028050
v 0.647691 0.316668 -0.027887
v 0.647691 0.317022 -0.027693
v 0.647691 0.317361 -0.027469
v 0.647691 0.317680 -0.027217
v 0.647691 0.317977 -0.026940
v 0.647691 0.318248 -0.026641
v 0.647691 0.318491 -0.026323
v 0.647691 0.318705 -0.025991
v 0.647691 0.318889 -0.025648
v 0.647691 0.319043 -0.025298
v 0.647691 0.319146 -0.025008
v 0.647691 0.319230 -0.024717
v 0.642732 0.314501 -0.028395
v 0.642732 0.319230 -0.024717
v 0.642732 0.319097 -0.025153
v 0.642732 0.318919 -0.025587
v 0.642732 0.318694 -0.026011
v 0.642732 0.318452 -0.026378
v 0.642732 0.318204 -0.026693
v 0.642732 0.317928 -0.026988
v 0.642732 0.317628 -0.027261
v 0.642732 0.317305 -0.027508
v 0.642732 0.316964 -0.027728
v 0.642732 0.316607 -0.027917
v 0.642732 0.316240 -0.028075
v 0.642732 0.315865 -0.028200
v 0.642732 0.315487 -0.028294
v 0.642732 0.315110 -0.028357
v 0.642732 0.314803 -0.028385
v 0.647691 0.319230 -0.024717
v 0.647691 0.320854 -0.016999
v 0.647691 0.321835 -0.009160
v 0.647691 0.322162 -0.001280
v 0.642732 0.319230 -0.024717
v 0.642732 0.322162 -0.001280
v 0.642732 0.321835 -0.009160
v 0.642732 0.320854 -0.016999
v 0.647691 0.322162 -0.001280
v 0.647691 0.322162 0.022574
v 0.642732 0.322162 -0.001280
v 0.642732 0.322162 0.022574
v 0.647691 0.322162 0.022574
v 0.647691 0.321835 0.030454
v 0.647691 0.320854 0.038293
v 0.647691 0.319230 0.046011
v 0.642732 0.322162 0.022574
v 0.642732 0.319230 0.046011
v 0.642732 0.320854 0.038293
v 0.642732 0.321835 0.030454
v 0.647691 0.319230 0.046011
v 0.647691 0.319097 0.046447
v 0.647691 0.318919 0.046880
v 0.647691 0.318694 0.047304
v 0.647691 0.318452 0.047672
v 0.647691 0.318204 0.047986
v 0.647691 0.317928 0.048282
v 0.647691 0.317628 0.048555
v 0.647691 0.317305 0.048802
v 0.647691 0.316964 0.049021
v 0.647691 0.316607 0.049210
v 0.647691 0.316240 0.049368
v 0.647691 0.315865 0.049494
v 0.647691 0.315487 0.049588
v 0.647691 0.315110 0.049650
v 0.647691 0.314803 0.049679
v 0.647691 0.314501 0.049689
v 0.642732 0.319230 0.046011
v 0.642732 0.314501 0.049689
v 0.642732 0.314956 0.049667
v 0.642732 0.315420 0.049601
v 0.642732 0.315887 0.049488
v 0.642732 0.316302 0.049344
v 0.642732 0.316668 0.049181
v 0.642732 0.317022 0.048986
v 0.642732 0.317361 0.048762
v 0.642732 0.317680 0.048510
v 0.642732 0.317977 0.048233
v 0.642732 0.318248 0.047934
v 0.642732 0.318491 0.047617
v 0.642732 0.318705 0.047285
v 0.642732 0.318889 0.046942
v 0.642732 0.319043 0.046592
v 0.642732 0.319146 0.046301
v 0.642732 0.314501 -0.028395
v 0.642732 0.303278 -0.028395
v 0.642732 0.319230 -0.024717
v 0.642732 0.319097 -0.025153
v 0.642732 0.318919 -0.025587
v 0.642732 0.318694 -0.026011
v 0.642732 0.318452 -0.026378
v 0.642732 0.318204 -0.026693
v 0.642732 0.317928 -0.026988
v 0.642732 0.317628 -0.027261
v 0.642732 0.317305 -0.027508
v 0.642732 0.316964 -0.027728
v 0.642732 0.316607 -0.027917
v 0.642732 0.316240 -0.028075
v 0.642732 0.315865 -0.028200
v 0.642732 0.315487 -0.028294
v 0.642732 0.315110 -0.028357
v 0.642732 0.314803 -0.028385
v 0.642732 0.322162 -0.001280
v 0.642732 0.321835 -0.009160
v 0.642732 0.320854 -0.016999
v 0.642732 0.322162 0.022574
v 0.642732 0.319230 0.046011
v 0.642732 0.320854 0.038293
v 0.642732 0.321835 0.030454
v 0.642732 0.314501 0.049689
v 0.642732 0.314956 0.049667
v 0.642732 0.315420 0.049601
v 0.642732 0.315887 0.049488
v 0.642732 0.316302 0.049344
v 0.642732 0.316668 0.049181
v 0.642732 0.317022 0.048986
v 0.642732 0.317361 0.048762
v 0.642732 0.317680 0.048510
v 0.642732 0.317977 0.048233
v 0.642732 0.318248 0.047934
v 0.642732 0.318491 0.047617
v 0.642732 0.318705 0.047285
v 0.642732 0.318889 0.046942
v 0.642732 0.319043 0.046592
v 0.642732 0.319146 0.046301
v 0.642732 0.303278 0.049689
v 0.642732 0.303278 0.265394
v 0.642732 0.300353 0.265394
v 0.642732 0.300353 -0.244100
v 0.642732 0.303278 -0.244100
v 0.642732 0.317868 -0.000334
v 0.642732 0.304596 -0.000334
v 0.642732 0.304596 0.021382
v 0.642732 0.317868 0.021382
v 0.670008 0.303278 0.281987
v -0.669992 0.303278 0.281987
v 0.670008 0.303278 -0.260693
v -0.669992 0.303278 -0.260693
v 0.642732 0.303278 -0.028395
v 0.647691 0.303278 -0.028395
v 0.647691 0.303278 0.049689
v 0.642732 0.303278 0.049689
v 0.642732 0.303278 0.265394
v -0.642716 0.303278 0.265394
v -0.642716 0.303278 0.049689
v -0.647675 0.303278 0.049689
v -0.647675 0.303278 -0.028395
v -0.642716 0.303278 -0.028395
v -0.642716 0.303278 -0.244100
v 0.642732 0.303278 -0.244100
v -0.647675 0.303278 -0.028395
v -0.642716 0.303278 -0.028395
v -0.647675 0.314501 -0.028395
v -0.642716 0.314501 -0.028395
v -0.647675 0.303278 0.049689
v -0.647675 0.303278 -0.028395
v -0.647675 0.314501 0.049689
v -0.647675 0.319230 0.046011
v -0.647675 0.319097 0.046447
v -0.647675 0.318919 0.046880
v -0.647675 0.318694 0.047304
v -0.647675 0.318452 0.047672
v -0.647675 0.318204 0.047986
v -0.647675 0.317928 0.048282
v -0.647675 0.317628 0.048555
v -0.647675 0.317305 0.048802
v -0.647675 0.316964 0.049021
v -0.647675 0.316607 0.049210
v -0.647675 0.316240 0.049368
v -0.647675 0.315865 0.049494
v -0.647675 0.315487 0.049588
v -0.647675 0.315110 0.049650
v -0.647675 0.314803 0.049679
v -0.647675 0.322162 0.022574
v -0.647675 0.321835 0.030454
v -0.647675 0.320854 0.038293
v -0.647675 0.322162 -0.001280
v -0.647675 0.319230 -0.024717
v -0.647675 0.320854 -0.016999
v -0.647675 0.321835 -0.009160
v -0.647675 0.314501 -0.028395
v -0.647675 0.314956 -0.028374
v -0.647675 0.315420 -0.028307
v -0.647675 0.315887 -0.028194
v -0.647675 0.316302 -0.028050
v -0.647675 0.316668 -0.027887
v -0.647675 0.317022 -0.027693
v -0.647675 0.317361 -0.027469
v -0.647675 0.317680 -0.027217
v -0.647675 0.317977 -0.026940
v -0.647675 0.318248 -0.026641
v -0.647675 0.318491 -0.026323
v -0.647675 0.318705 -0.025991
v -0.647675 0.318889 -0.025648
v -0.647675 0.319043 -0.025298
v -0.647675 0.319146 -0.025008
v -0.647675 0.317868 -0.000334
v -0.647675 0.317868 0.021382
v -0.647675 0.304596 0.021382
v -0.647675 0.304596 -0.000334
v -0.642716 0.303278 0.049689
v -0.647675 0.303278 0.049689
v -0.642716 0.314501 0.049689
v -0.647675 0.314501 0.049689
v -0.642716 0.304596 0.021382
v -0.647675 0.304596 0.021382
v -0.647675 0.304596 -0.000334
v -0.642716 0.304596 -0.000334
v -0.642716 0.304596 0.021382
v -0.642716 0.317868 0.021382
v -0.647675 0.304596 0.021382
v -0.647675 0.317868 0.021382
v -0.642716 0.317868 0.021382
v -0.642716 0.317868 -0.000334
v -0.647675 0.317868 0.021382
v -0.647675 0.317868 -0.000334
v -0.642716 0.317868 -0.000334
v -0.642716 0.304596 -0.000334
v -0.647675 0.317868 -0.000334
v -0.647675 0.304596 -0.000334
v -0.647675 0.314501 -0.028395
v -0.647675 0.314956 -0.028374
v -0.647675 0.315420 -0.028307
v -0.647675 0.315887 -0.028194
v -0.647675 0.316302 -0.028050
v -0.647675 0.316668 -0.027887
v -0.647675 0.317022 -0.027693
v -0.647675 0.317361 -0.027469
v -0.647675 0.317680 -0.027217
v -0.647675 0.317977 -0.026940
v -0.647675 0.318248 -0.026641
v -0.647675 0.318491 -0.026323
v -0.647675 0.318705 -0.025991
v -0.647675 0.318889 -0.025648
v -0.647675 0.319043 -0.025298
v -0.647675 0.319146 -0.025008
v -0.647675 0.319230 -0.024717
v -0.642716 0.319230 -0.024717
v -0.642716 0.319097 -0.025153
v -0.642716 0.318919 -0.025587
v -0.642716 0.318694 -0.026011
v -0.642716 0.318452 -0.026378
v -0.642716 0.318204 -0.026693
v -0.642716 0.317928 -0.026988
v -0.642716 0.317628 -0.027261
v -0.642716 0.317305 -0.027508
v -0.642716 0.316964 -0.027728
v -0.642716 0.316607 -0.027917
v -0.642716 0.316240 -0.028075
v -0.642716 0.315865 -0.028200
v -0.642716 0.315487 -0.028294
v -0.642716 0.315110 -0.028357
v -0.642716 0.314803 -0.028385
v -0.642716 0.314501 -0.028395
v -0.647675 0.319230 -0.024717
v -0.647675 0.320854 -0.016999
v -0.647675 0.321835 -0.009160
v -0.647675 0.322162 -0.001280
v -0.642716 0.322162 -0.001280
v -0.642716 0.321835 -0.009160
v -0.642716 0.320854 -0.016999
v -0.642716 0.319230 -0.024717
v -0.647675 0.322162 -0.001280
v -0.647675 0.322162 0.022574
v -0.642716 0.322162 0.022574
v -0.642716 0.322162 -0.001280
v -0.647675 0.322162 0.022574
v -0.647675 0.321835 0.030454
v -0.647675 0.320854 0.038293
v -0.647675 0.319230 0.046011
v -0.642716 0.319230 0.046011
v -0.642716 0.320854 0.038293
v -0.642716 0.321835 0.030454
v -0.642716 0.322162 0.022574
v -0.647675 0.319230 0.046011
v -0.647675 0.319097 0.046447
v -0.647675 0.318919 0.046880
v -0.647675 0.318694 0.047304
v -0.647675 0.318452 0.047672
v -0.647675 0.318204 0.047986
v -0.647675 0.317928 0.048282
v -0.647675 0.317628 0.048555
v -0.647675 0.317305 0.048802
v -0.647675 0.316964 0.049021
v -0.647675 0.316607 0.049210
v -0.647675 0.316240 0.049368
v -0.647675 0.315865 0.049494
v -0.647675 0.315487 0.049588
v -0.647675 0.315110 0.049650
v -0.647675 0.314803 0.049679
v -0.647675 0.314501 0.049689
v -0.642716 0.314501 0.049689
v -0.642716 0.314956 0.049667
v -0.642716 0.315420 0.049601
v -0.642716 0.315887 0.049488
v -0.642716 0.316302 0.049344
v -0.642716 0.316668 0.049181
v -0.642716 0.317022 0.048986
v -0.642716 0.317361 0.048762
v -0.642716 0.317680 0.048510
v -0.642716 0.317977 0.048233
v -0.642716 0.318248 0.047934
v -0.642716 0.318491 0.047617
v -0.642716 0.318705 0.047285
v -0.642716 0.318889 0.046942
v -0.642716 0.319043 0.046592
v -0.642716 0.319146 0.046301
v -0.642716 0.319230 0.046011
v 0.670008 0.303278 0.281987
v -0.669992 0.303278 0.281987
v -0.669992 -0.379838 0.281987
v 0.670008 -0.379838 0.281987
v -0.601022 -0.315072 0.281987
v -0.597607 -0.241462 0.281987
v -0.595239 -0.167792 0.281987
v -0.593920 -0.094125 0.281987
v -0.593649 -0.020450 0.281987
v -0.594578 0.061402 0.281987
v -0.596801 0.143225 0.281987
v -0.598692 0.190883 0.281987
v -0.601022 0.238512 0.281987
v -0.601038 0.240840 0.281987
v -0.600830 0.243210 0.281987
v -0.600388 0.245590 0.281987
v -0.599708 0.247947 0.281987
v -0.598792 0.250246 0.281987
v -0.597649 0.252454 0.281987
v -0.596294 0.254538 0.281987
v -0.594751 0.256471 0.281987
v -0.593044 0.258229 0.281987
v -0.591204 0.259796 0.281987
v -0.589261 0.261159 0.281987
v -0.587227 0.262326 0.281987
v -0.585051 0.263323 0.281987
v -0.582746 0.264129 0.281987
v -0.580341 0.264723 0.281987
v -0.577865 0.265090 0.281987
v -0.575351 0.265219 0.281987
v -0.572837 0.265106 0.281987
v -0.570357 0.264754 0.281987
v -0.567946 0.264174 0.281987
v -0.565634 0.263382 0.281987
v -0.563449 0.262397 0.281987
v -0.561407 0.261241 0.281987
v -0.559459 0.259891 0.281987
v -0.557611 0.258337 0.281987
v -0.555894 0.256591 0.281987
v -0.554339 0.254669 0.281987
v -0.552972 0.252594 0.281987
v -0.551815 0.250393 0.281987
v -0.550883 0.248099 0.281987
v -0.550188 0.245745 0.281987
v -0.549730 0.243366 0.281987
v -0.549507 0.240994 0.281987
v -0.549481 0.239745 0.281987
v -0.549517 0.238512 0.281987
v -0.552932 0.164902 0.281987
v -0.555300 0.091232 0.281987
v -0.556619 0.017565 0.281987
v -0.556889 -0.056111 0.281987
v -0.555960 -0.137963 0.281987
v -0.553738 -0.219786 0.281987
v -0.551846 -0.267443 0.281987
v -0.549517 -0.315072 0.281987
v -0.549501 -0.317401 0.281987
v -0.549709 -0.319770 0.281987
v -0.550151 -0.322151 0.281987
v -0.550831 -0.324507 0.281987
v -0.551747 -0.326806 0.281987
v -0.552890 -0.329014 0.281987
v -0.554244 -0.331098 0.281987
v -0.555788 -0.333031 0.281987
v -0.557495 -0.334789 0.281987
v -0.559335 -0.336356 0.281987
v -0.561277 -0.337720 0.281987
v -0.563311 -0.338886 0.281987
v -0.565488 -0.339883 0.281987
v -0.567792 -0.340689 0.281987
v -0.570198 -0.341284 0.281987
v -0.572674 -0.341650 0.281987
v -0.575187 -0.341779 0.281987
v -0.577701 -0.341666 0.281987
v -0.580181 -0.341315 0.281987
v -0.582592 -0.340735 0.281987
v -0.584904 -0.339942 0.281987
v -0.587090 -0.338957 0.281987
v -0.589132 -0.337801 0.281987
v -0.591080 -0.336451 0.281987
v -0.592928 -0.334898 0.281987
v -0.594644 -0.333151 0.281987
v -0.596199 -0.331229 0.281987
v -0.597566 -0.329154 0.281987
v -0.598724 -0.326954 0.281987
v -0.599655 -0.324659 0.281987
v -0.600351 -0.322305 0.281987
v -0.600808 -0.319926 0.281987
v -0.601031 -0.317554 0.281987
v -0.601057 -0.316305 0.281987
v 0.549533 -0.315072 0.281987
v 0.552949 -0.241462 0.281987
v 0.555317 -0.167792 0.281987
v 0.556635 -0.094125 0.281987
v 0.556906 -0.020450 0.281987
v 0.555977 0.061402 0.281987
v 0.553754 0.143225 0.281987
v 0.551863 0.190883 0.281987
v 0.549533 0.238512 0.281987
v 0.549517 0.240840 0.281987
v 0.549725 0.243210 0.281987
v 0.550167 0.245590 0.281987
v 0.550847 0.247947 0.281987
v 0.551764 0.250246 0.281987
v 0.552907 0.252454 0.281987
v 0.554261 0.254538 0.281987
v 0.555804 0.256471 0.281987
v 0.557511 0.258229 0.281987
v 0.559352 0.259796 0.281987
v 0.561294 0.261159 0.281987
v 0.563328 0.262326 0.281987
v 0.565504 0.263323 0.281987
v 0.567809 0.264129 0.281987
v 0.570214 0.264723 0.281987
v 0.572690 0.265090 0.281987
v 0.575204 0.265219 0.281987
v 0.577718 0.265106 0.281987
v 0.580198 0.264754 0.281987
v 0.582609 0.264174 0.281987
v 0.584921 0.263382 0.281987
v 0.587106 0.262397 0.281987
v 0.589148 0.261241 0.281987
v 0.591096 0.259891 0.281987
v 0.592944 0.258337 0.281987
v 0.594661 0.256591 0.281987
v 0.596216 0.254669 0.281987
v 0.597583 0.252594 0.281987
v 0.598740 0.250393 0.281987
v 0.599672 0.248099 0.281987
v 0.600367 0.245745 0.281987
v 0.600825 0.243366 0.281987
v 0.601048 0.240994 0.281987
v 0.601074 0.239745 0.281987
v 0.601038 0.238512 0.281987
v 0.597623 0.164902 0.281987
v 0.595255 0.091232 0.281987
v 0.593936 0.017565 0.281987
v 0.593666 -0.056111 0.281987
v 0.594595 -0.137963 0.281987
v 0.596817 -0.219786 0.281987
v 0.598709 -0.267443 0.281987
v 0.601038 -0.315072 0.281987
v 0.601054 -0.317401 0.281987
v 0.600846 -0.319770 0.281987
v 0.600405 -0.322151 0.281987
v 0.599724 -0.324507 0.281987
v 0.598808 -0.326806 0.281987
v 0.597665 -0.329014 0.281987
v 0.596311 -0.331098 0.281987
v 0.594767 -0.333031 0.281987
v 0.593060 -0.334789 0.281987
v 0.591220 -0.336356 0.281987
v 0.589278 -0.337720 0.281987
v 0.587244 -0.338886 0.281987
v 0.585067 -0.339883 0.281987
v 0.582763 -0.340689 0.281987
v 0.580357 -0.341284 0.281987
v 0.577881 -0.341650 0.281987
v 0.575368 -0.341779 0.281987
v 0.572854 -0.341666 0.281987
v 0.570374 -0.341315 0.281987
v 0.567963 -0.340735 0.281987
v 0.565651 -0.339942 0.281987
v 0.563466 -0.338957 0.281987
v 0.561423 -0.337801 0.281987
v 0.559475 -0.336451 0.281987
v 0.557628 -0.334898 0.281987
v 0.555911 -0.333151 0.281987
v 0.554356 -0.331229 0.281987
v 0.552989 -0.329154 0.281987
v 0.551831 -0.326954 0.281987
v 0.550900 -0.324659 0.281987
v 0.550204 -0.322305 0.281987
v 0.549747 -0.319926 0.281987
v 0.549524 -0.317554 0.281987
v 0.549498 -0.316305 0.281987
v 0.670008 0.303278 0.281987
v 0.670008 0.303278 -0.260693
v 0.670008 -0.379838 -0.260693
v 0.670008 -0.379838 0.281987
v -0.669992 0.303278 -0.260693
v -0.669992 -0.379838 -0.260693
v 0.670008 -0.379838 -0.260693
v 0.670008 0.303278 -0.260693
v -0.551498 -0.315174 -0.260693
v -0.554914 -0.241551 -0.260693
v -0.557282 -0.167868 -0.260693
v -0.558602 -0.094186 -0.260693
v -0.558873 -0.020498 -0.260693
v -0.557945 0.061370 -0.260693
v -0.555723 0.143208 -0.260693
v -0.553830 0.190925 -0.260693
v -0.551498 0.238614 -0.260693
v -0.599041 -0.315174 -0.260693
v -0.599052 -0.317413 -0.260693
v -0.598839 -0.319691 -0.260693
v -0.598391 -0.321977 -0.260693
v -0.597784 -0.324012 -0.260693
v -0.597074 -0.325802 -0.260693
v -0.596215 -0.327535 -0.260693
v -0.595214 -0.329192 -0.260693
v -0.594082 -0.330757 -0.260693
v -0.592833 -0.332215 -0.260693
v -0.591483 -0.333555 -0.260693
v -0.590046 -0.334768 -0.260693
v -0.588543 -0.335848 -0.260693
v -0.586985 -0.336794 -0.260693
v -0.585339 -0.337629 -0.260693
v -0.583602 -0.338346 -0.260693
v -0.581786 -0.338933 -0.260693
v -0.579907 -0.339378 -0.260693
v -0.577982 -0.339675 -0.260693
v -0.576030 -0.339815 -0.260693
v -0.574070 -0.339798 -0.260693
v -0.572122 -0.339622 -0.260693
v -0.570206 -0.339291 -0.260693
v -0.568340 -0.338813 -0.260693
v -0.566541 -0.338196 -0.260693
v -0.564823 -0.337452 -0.260693
v -0.563199 -0.336593 -0.260693
v -0.561655 -0.335618 -0.260693
v -0.560164 -0.334508 -0.260693
v -0.558746 -0.333266 -0.260693
v -0.557416 -0.331898 -0.260693
v -0.556192 -0.330415 -0.260693
v -0.555089 -0.328829 -0.260693
v -0.554119 -0.327153 -0.260693
v -0.553292 -0.325406 -0.260693
v -0.552617 -0.323605 -0.260693
v -0.552097 -0.321769 -0.260693
v -0.551734 -0.319917 -0.260693
v -0.551525 -0.318068 -0.260693
v -0.551466 -0.316611 -0.260693
v -0.599041 0.238614 -0.260693
v -0.595625 0.164991 -0.260693
v -0.593256 0.091308 -0.260693
v -0.591937 0.017626 -0.260693
v -0.591665 -0.056063 -0.260693
v -0.592594 -0.137930 -0.260693
v -0.594815 -0.219768 -0.260693
v -0.596708 -0.267485 -0.260693
v -0.551487 0.240853 -0.260693
v -0.551700 0.243131 -0.260693
v -0.552148 0.245417 -0.260693
v -0.552755 0.247452 -0.260693
v -0.553464 0.249242 -0.260693
v -0.554324 0.250975 -0.260693
v -0.555325 0.252632 -0.260693
v -0.556456 0.254196 -0.260693
v -0.557705 0.255655 -0.260693
v -0.559056 0.256995 -0.260693
v -0.560492 0.258208 -0.260693
v -0.561996 0.259288 -0.260693
v -0.563554 0.260234 -0.260693
v -0.565200 0.261068 -0.260693
v -0.566937 0.261785 -0.260693
v -0.568752 0.262372 -0.260693
v -0.570631 0.262818 -0.260693
v -0.572556 0.263114 -0.260693
v -0.574508 0.263255 -0.260693
v -0.576468 0.263237 -0.260693
v -0.578416 0.263062 -0.260693
v -0.580332 0.262731 -0.260693
v -0.582198 0.262253 -0.260693
v -0.583998 0.261636 -0.260693
v -0.585716 0.260891 -0.260693
v -0.587339 0.260033 -0.260693
v -0.588884 0.259058 -0.260693
v -0.590374 0.257948 -0.260693
v -0.591793 0.256706 -0.260693
v -0.593122 0.255338 -0.260693
v -0.594346 0.253855 -0.260693
v -0.595450 0.252268 -0.260693
v -0.596420 0.250593 -0.260693
v -0.597246 0.248846 -0.260693
v -0.597921 0.247045 -0.260693
v -0.598441 0.245209 -0.260693
v -0.598805 0.243357 -0.260693
v -0.599014 0.241508 -0.260693
v -0.599073 0.240050 -0.260693
v 0.599057 -0.315174 -0.260693
v 0.595641 -0.241551 -0.260693
v 0.593273 -0.167868 -0.260693
v 0.591953 -0.094186 -0.260693
v 0.591682 -0.020498 -0.260693
v 0.592610 0.061370 -0.260693
v 0.594832 0.143208 -0.260693
v 0.596725 0.190925 -0.260693
v 0.599057 0.238614 -0.260693
v 0.551514 -0.315174 -0.260693
v 0.551503 -0.317413 -0.260693
v 0.551717 -0.319691 -0.260693
v 0.552164 -0.321977 -0.260693
v 0.552771 -0.324012 -0.260693
v 0.553481 -0.325802 -0.260693
v 0.554340 -0.327535 -0.260693
v 0.555341 -0.329192 -0.260693
v 0.556473 -0.330757 -0.260693
v 0.557722 -0.332215 -0.260693
v 0.559073 -0.333555 -0.260693
v 0.560509 -0.334768 -0.260693
v 0.562012 -0.335848 -0.260693
v 0.563570 -0.336794 -0.260693
v 0.565216 -0.337629 -0.260693
v 0.566953 -0.338346 -0.260693
v 0.568769 -0.338933 -0.260693
v 0.570648 -0.339378 -0.260693
v 0.572573 -0.339675 -0.260693
v 0.574525 -0.339815 -0.260693
v 0.576485 -0.339798 -0.260693
v 0.578433 -0.339622 -0.260693
v 0.580349 -0.339291 -0.260693
v 0.582215 -0.338813 -0.260693
v 0.584014 -0.338196 -0.260693
v 0.585732 -0.337452 -0.260693
v 0.587356 -0.336593 -0.260693
v 0.588901 -0.335618 -0.260693
v 0.590391 -0.334508 -0.260693
v 0.591809 -0.333266 -0.260693
v 0.593139 -0.331898 -0.260693
v 0.594363 -0.330415 -0.260693
v 0.595466 -0.328829 -0.260693
v 0.596436 -0.327153 -0.260693
v 0.597263 -0.325406 -0.260693
v 0.597938 -0.323605 -0.260693
v 0.598458 -0.321769 -0.260693
v 0.598821 -0.319917 -0.260693
v 0.599030 -0.318068 -0.260693
v 0.599090 -0.316611 -0.260693
v 0.551514 0.238614 -0.260693
v 0.554930 0.164991 -0.260693
v 0.557299 0.091308 -0.260693
v 0.558618 0.017626 -0.260693
v 0.558890 -0.056063 -0.260693
v 0.557962 -0.137930 -0.260693
v 0.555740 -0.219768 -0.260693
v 0.553847 -0.267485 -0.260693
v 0.599068 0.240853 -0.260693
v 0.598855 0.243131 -0.260693
v 0.598407 0.245417 -0.260693
v 0.597800 0.247452 -0.260693
v 0.597091 0.249242 -0.260693
v 0.596231 0.250975 -0.260693
v 0.595231 0.252632 -0.260693
v 0.594099 0.254196 -0.260693
v 0.592850 0.255655 -0.260693
v 0.591499 0.256995 -0.260693
v 0.590063 0.258208 -0.260693
v 0.588559 0.259288 -0.260693
v 0.587001 0.260234 -0.260693
v 0.585356 0.261068 -0.260693
v 0.583618 0.261785 -0.260693
v 0.581803 0.262372 -0.260693
v 0.579924 0.262818 -0.260693
v 0.577999 0.263114 -0.260693
v 0.576047 0.263255 -0.260693
v 0.574087 0.263237 -0.260693
v 0.572139 0.263062 -0.260693
v 0.570223 0.262731 -0.260693
v 0.568357 0.262253 -0.260693
v 0.566557 0.261636 -0.260693
v 0.564840 0.260891 -0.260693
v 0.563216 0.260033 -0.260693
v 0.561671 0.259058 -0.260693
v 0.560181 0.257948 -0.260693
v 0.558762 0.256706 -0.260693
v 0.557433 0.255338 -0.260693
v 0.556209 0.253855 -0.260693
v 0.555106 0.252268 -0.260693
v 0.554135 0.250593 -0.260693
v 0.553309 0.248846 -0.260693
v 0.552634 0.247045 -0.260693
v 0.552114 0.245209 -0.260693
v 0.551750 0.243357 -0.260693
v 0.551541 0.241508 -0.260693
v 0.551482 0.240050 -0.260693
v -0.669992 0.303278 0.281987
v -0.669992 0.303278 -0.260693
v -0.669992 -0.379838 0.281987
v -0.669992 -0.379838 -0.260693
v -0.201419 0.300353 -0.244100
v -0.201419 0.300353 0.265394
v -0.201419 0.296934 -0.244100
v -0.201419 0.296934 0.265394
v 0.195130 0.296934 0.265394
v 0.188944 0.295922 0.265394
v 0.182786 0.294336 0.265394
v 0.176739 0.292177 0.265394
v 0.170885 0.289458 0.265394
v 0.165302 0.286207 0.265394
v 0.160064 0.282466 0.265394
v 0.155233 0.278291 0.265394
v 0.150983 0.273885 0.265394
v 0.147200 0.269195 0.265394
v 0.135723 0.252719 0.265394
v 0.124981 0.235401 0.265394
v 0.115350 0.217851 0.265394
v 0.106673 0.199842 0.265394
v 0.098971 0.181424 0.265394
v 0.092264 0.162649 0.265394
v 0.086566 0.143568 0.265394
v 0.081893 0.124234 0.265394
v 0.078253 0.104700 0.265394
v 0.075656 0.085019 0.265394
v 0.074106 0.065245 0.265394
v 0.073604 0.045432 0.265394
v 0.074277 0.023437 0.265394
v 0.076238 0.001536 0.265394
v 0.079477 -0.020200 0.265394
v 0.083982 -0.041697 0.265394
v 0.089733 -0.062886 0.265394
v 0.096709 -0.083696 0.265394
v 0.104883 -0.104059 0.265394
v 0.114225 -0.123909 0.265394
v 0.124702 -0.143183 0.265394
v 0.135573 -0.160752 0.265394
v 0.147200 -0.177457 0.265394
v 0.151109 -0.182289 0.265394
v 0.155522 -0.186825 0.265394
v 0.160402 -0.190992 0.265394
v 0.165699 -0.194723 0.265394
v 0.171350 -0.197960 0.265394
v 0.177281 -0.200658 0.265394
v 0.183412 -0.202786 0.265394
v 0.189659 -0.204329 0.265394
v 0.194999 -0.205180 0.265394
v 0.200312 -0.205616 0.265394
v 0.200312 -0.330920 0.265394
v 0.005959 -0.330920 0.265394
v 0.005959 -0.267617 0.265394
v -0.005943 -0.267617 0.265394
v -0.005943 -0.330920 0.265394
v -0.200295 -0.330920 0.265394
v -0.200295 -0.205616 0.265394
v -0.147183 -0.177457 0.265394
v -0.151093 -0.182289 0.265394
v -0.155505 -0.186825 0.265394
v -0.160386 -0.190992 0.265394
v -0.165682 -0.194723 0.265394
v -0.171333 -0.197960 0.265394
v -0.177265 -0.200658 0.265394
v -0.183396 -0.202786 0.265394
v -0.189642 -0.204329 0.265394
v -0.194982 -0.205180 0.265394
v -0.147183 0.269195 0.265394
v -0.135706 0.252719 0.265394
v -0.124964 0.235401 0.265394
v -0.115334 0.217851 0.265394
v -0.106657 0.199842 0.265394
v -0.098955 0.181424 0.265394
v -0.092247 0.162649 0.265394
v -0.086550 0.143568 0.265394
v -0.081876 0.124234 0.265394
v -0.078237 0.104700 0.265394
v -0.075639 0.085019 0.265394
v -0.074089 0.065245 0.265394
v -0.073588 0.045432 0.265394
v -0.074260 0.023437 0.265394
v -0.076221 0.001536 0.265394
v -0.079461 -0.020200 0.265394
v -0.083965 -0.041697 0.265394
v -0.089717 -0.062886 0.265394
v -0.096692 -0.083696 0.265394
v -0.104867 -0.104059 0.265394
v -0.114209 -0.123909 0.265394
v -0.124685 -0.143183 0.265394
v -0.135556 -0.160752 0.265394
v -0.195114 0.296934 0.265394
v -0.188927 0.295922 0.265394
v -0.182770 0.294336 0.265394
v -0.176723 0.292177 0.265394
v -0.170868 0.289458 0.265394
v -0.165285 0.286207 0.265394
v -0.160047 0.282466 0.265394
v -0.155217 0.278291 0.265394
v -0.150967 0.273885 0.265394
v -0.201419 0.296934 0.265394
v -0.201419 0.300353 0.265394
v -0.642716 0.300353 0.265394
v -0.642716 0.303278 0.265394
v 0.642732 0.303278 0.265394
v 0.642732 0.300353 0.265394
v 0.201436 0.300353 0.265394
v 0.201436 0.296934 0.265394
v -0.195114 0.296934 -0.244100
v -0.201419 0.296934 -0.244100
v -0.195114 0.296934 0.265394
v -0.201419 0.296934 0.265394
v 0.195130 0.296934 -0.244100
v 0.201436 0.296934 -0.244100
v 0.201436 0.300353 -0.244100
v 0.642732 0.300353 -0.244100
v 0.642732 0.303278 -0.244100
v -0.642716 0.303278 -0.244100
v -0.642716 0.300353 -0.244100
v -0.201419 0.300353 -0.244100
v -0.201419 0.296934 -0.244100
v -0.195114 0.296934 -0.244100
v -0.188927 0.295921 -0.244100
v -0.182770 0.294336 -0.244100
v -0.176723 0.292177 -0.244100
v -0.170868 0.289458 -0.244100
v -0.165285 0.286207 -0.244100
v -0.160047 0.282466 -0.244100
v -0.155217 0.278291 -0.244100
v -0.150967 0.273885 -0.244100
v -0.147183 0.269195 -0.244100
v -0.135706 0.252719 -0.244100
v -0.124964 0.235400 -0.244100
v -0.115334 0.217851 -0.244100
v -0.106657 0.199842 -0.244100
v -0.098955 0.181424 -0.244100
v -0.092247 0.162649 -0.244100
v -0.086550 0.143568 -0.244100
v -0.081876 0.124234 -0.244100
v -0.078237 0.104700 -0.244100
v -0.075639 0.085019 -0.244100
v -0.074089 0.065245 -0.244100
v -0.073588 0.045432 -0.244100
v -0.074260 0.023437 -0.244100
v -0.076221 0.001535 -0.244100
v -0.079461 -0.020200 -0.244100
v -0.083965 -0.041697 -0.244100
v -0.089717 -0.062886 -0.244100
v -0.096692 -0.083696 -0.244100
v -0.104867 -0.104059 -0.244100
v -0.114209 -0.123910 -0.244100
v -0.124685 -0.143183 -0.244100
v -0.135556 -0.160752 -0.244100
v -0.147183 -0.177457 -0.244100
v -0.151093 -0.182289 -0.244100
v -0.155505 -0.186825 -0.244100
v -0.160386 -0.190992 -0.244100
v -0.165682 -0.194723 -0.244100
v -0.171333 -0.197960 -0.244100
v -0.177265 -0.200658 -0.244100
v -0.183396 -0.202786 -0.244100
v -0.189642 -0.204329 -0.244100
v -0.194982 -0.205180 -0.244100
v -0.200295 -0.205616 -0.244100
v -0.200295 -0.330920 -0.244100
v -0.005943 -0.330920 -0.244100
v -0.005943 -0.267617 -0.244100
v 0.005959 -0.267617 -0.244100
v 0.005959 -0.330920 -0.244100
v 0.200312 -0.330920 -0.244100
v 0.200312 -0.205616 -0.244100
v 0.194060 -0.205061 -0.244100
v 0.187783 -0.203929 -0.244100
v 0.181562 -0.202210 -0.244100
v 0.175482 -0.199909 -0.244100
v 0.169626 -0.197046 -0.244100
v 0.164074 -0.193656 -0.244100
v 0.158896 -0.189788 -0.244100
v 0.154151 -0.185503 -0.244100
v 0.150492 -0.181583 -0.244100
v 0.147200 -0.177457 -0.244100
v 0.135723 -0.160981 -0.244100
v 0.124981 -0.143662 -0.244100
v 0.115350 -0.126112 -0.244100
v 0.106673 -0.108103 -0.244100
v 0.098971 -0.089686 -0.244100
v 0.092264 -0.070911 -0.244100
v 0.086566 -0.051830 -0.244100
v 0.081893 -0.032495 -0.244100
v 0.078253 -0.012961 -0.244100
v 0.075656 0.006720 -0.244100
v 0.074106 0.026494 -0.244100
v 0.073604 0.046307 -0.244100
v 0.074277 0.068302 -0.244100
v 0.076238 0.090203 -0.244100
v 0.079477 0.111939 -0.244100
v 0.083982 0.133436 -0.244100
v 0.089733 0.154624 -0.244100
v 0.096709 0.175434 -0.244100
v 0.104883 0.195798 -0.244100
v 0.114225 0.215648 -0.244100
v 0.124702 0.234921 -0.244100
v 0.135573 0.252491 -0.244100
v 0.147200 0.269195 -0.244100
v 0.151106 0.274023 -0.244100
v 0.155506 0.278548 -0.244100
v 0.160362 0.282699 -0.244100
v 0.165622 0.286412 -0.244100
v 0.171223 0.289633 -0.244100
v 0.177091 0.292320 -0.244100
v 0.183147 0.294446 -0.244100
v 0.189126 0.295959 -0.244100
v -0.201419 0.300353 -0.244100
v -0.642716 0.300353 -0.244100
v -0.201419 0.300353 0.265394
v -0.642716 0.300353 0.265394
v 0.642732 0.300353 0.265394
v 0.642732 0.300353 -0.244100
v 0.201436 0.300353 0.265394
v 0.201436 0.300353 -0.244100
v 0.201436 0.296934 -0.244100
v 0.201436 0.296934 0.265394
v 0.201436 0.300353 -0.244100
v 0.201436 0.300353 0.265394
v -0.200295 -0.205616 -0.244100
v -0.200295 -0.330920 -0.244100
v -0.200295 -0.364517 -0.210497
v -0.200295 -0.364517 0.231791
v -0.200295 -0.330920 0.265394
v -0.200295 -0.205616 0.265394
v 0.200312 -0.330920 0.265394
v 0.200312 -0.205616 0.265394
v 0.200312 -0.364517 0.231791
v 0.200312 -0.364517 -0.210497
v 0.200312 -0.330920 -0.244100
v 0.200312 -0.205616 -0.244100
v 0.551514 -0.315174 -0.260693
v 0.551514 -0.315174 -0.268013
v 0.551514 0.238614 -0.268013
v 0.554930 0.164991 -0.268013
v 0.557299 0.091308 -0.268013
v 0.558618 0.017626 -0.268013
v 0.558890 -0.056063 -0.268013
v 0.557962 -0.137930 -0.268013
v 0.555740 -0.219768 -0.268013
v 0.553847 -0.267485 -0.268013
v 0.551514 0.238614 -0.260693
v 0.554930 0.164991 -0.260693
v 0.557299 0.091308 -0.260693
v 0.558618 0.017626 -0.260693
v 0.558890 -0.056063 -0.260693
v 0.557962 -0.137930 -0.260693
v 0.555740 -0.219768 -0.260693
v 0.553847 -0.267485 -0.260693
v 0.599057 0.238614 -0.260693
v 0.599068 0.240853 -0.260693
v 0.598855 0.243131 -0.260693
v 0.598407 0.245417 -0.260693
v 0.597800 0.247452 -0.260693
v 0.597091 0.249242 -0.260693
v 0.596231 0.250975 -0.260693
v 0.595231 0.252632 -0.260693
v 0.594099 0.254196 -0.260693
v 0.592850 0.255655 -0.260693
v 0.591499 0.256995 -0.260693
v 0.590063 0.258208 -0.260693
v 0.588559 0.259288 -0.260693
v 0.587001 0.260234 -0.260693
v 0.585356 0.261068 -0.260693
v 0.583618 0.261785 -0.260693
v 0.581803 0.262372 -0.260693
v 0.579924 0.262818 -0.260693
v 0.577999 0.263114 -0.260693
v 0.576047 0.263255 -0.260693
v 0.574087 0.263237 -0.260693
v 0.572139 0.263062 -0.260693
v 0.570223 0.262731 -0.260693
v 0.568357 0.262253 -0.260693
v 0.566557 0.261636 -0.260693
v 0.564840 0.260891 -0.260693
v 0.563216 0.260033 -0.260693
v 0.561671 0.259058 -0.260693
v 0.560181 0.257948 -0.260693
v 0.558762 0.256706 -0.260693
v 0.557433 0.255338 -0.260693
v 0.556209 0.253855 -0.260693
v 0.555106 0.252268 -0.260693
v 0.554135 0.250593 -0.260693
v 0.553309 0.248846 -0.260693
v 0.552634 0.247045 -0.260693
v 0.552114 0.245209 -0.260693
v 0.551750 0.243357 -0.260693
v 0.551541 0.241508 -0.260693
v 0.551482 0.240050 -0.260693
v 0.551514 0.238614 -0.260693
v 0.599057 0.238614 -0.268013
v 0.599068 0.240853 -0.268013
v 0.598855 0.243131 -0.268013
v 0.598407 0.245417 -0.268013
v 0.597800 0.247452 -0.268013
v 0.597091 0.249242 -0.268013
v 0.596231 0.250975 -0.268013
v 0.595231 0.252632 -0.268013
v 0.594099 0.254196 -0.268013
v 0.592850 0.255655 -0.268013
v 0.591499 0.256995 -0.268013
v 0.590063 0.258208 -0.268013
v 0.588559 0.259288 -0.268013
v 0.587001 0.260234 -0.268013
v 0.585356 0.261068 -0.268013
v 0.583618 0.261785 -0.268013
v 0.581803 0.262372 -0.268013
v 0.579924 0.262818 -0.268013
v 0.577999 0.263114 -0.268013
v 0.576047 0.263255 -0.268013
v 0.574087 0.263237 -0.268013
v 0.572139 0.263062 -0.268013
v 0.570223 0.262731 -0.268013
v 0.568357 0.262253 -0.268013
v 0.566557 0.261636 -0.268013
v 0.564840 0.260891 -0.268013
v 0.563216 0.260033 -0.268013
v 0.561671 0.259058 -0.268013
v 0.560181 0.257948 -0.268013
v 0.558762 0.256706 -0.268013
v 0.557433 0.255338 -0.268013
v 0.556209 0.253855 -0.268013
v 0.555106 0.252268 -0.268013
v 0.554135 0.250593 -0.268013
v 0.553309 0.248846 -0.268013
v 0.552634 0.247045 -0.268013
v 0.552114 0.245209 -0.268013
v 0.551750 0.243357 -0.268013
v 0.551541 0.241508 -0.268013
v 0.551482 0.240050 -0.268013
v 0.551514 0.238614 -0.268013
v 0.551514 -0.315174 -0.260693
v 0.551503 -0.317413 -0.260693
v 0.551717 -0.319691 -0.260693
v 0.552164 -0.321977 -0.260693
v 0.552771 -0.324012 -0.260693
v 0.553481 -0.325802 -0.260693
v 0.554340 -0.327535 -0.260693
v 0.555341 -0.329192 -0.260693
v 0.556473 -0.330757 -0.260693
v 0.557722 -0.332215 -0.260693
v 0.559073 -0.333555 -0.260693
v 0.560509 -0.334768 -0.260693
v 0.562012 -0.335848 -0.260693
v 0.563570 -0.336794 -0.260693
v 0.565216 -0.337629 -0.260693
v 0.566953 -0.338346 -0.260693
v 0.568769 -0.338933 -0.260693
v 0.570648 -0.339378 -0.260693
v 0.572573 -0.339675 -0.260693
v 0.574525 -0.339815 -0.260693
v 0.576485 -0.339798 -0.260693
v 0.578433 -0.339622 -0.260693
v 0.580349 -0.339291 -0.260693
v 0.582215 -0.338813 -0.260693
v 0.584014 -0.338196 -0.260693
v 0.585732 -0.337452 -0.260693
v 0.587356 -0.336593 -0.260693
v 0.588901 -0.335618 -0.260693
v 0.590391 -0.334508 -0.260693
v 0.591809 -0.333266 -0.260693
v 0.593139 -0.331898 -0.260693
v 0.594363 -0.330415 -0.260693
v 0.595466 -0.328829 -0.260693
v 0.596436 -0.327153 -0.260693
v 0.597263 -0.325406 -0.260693
v 0.597938 -0.323605 -0.260693
v 0.598458 -0.321769 -0.260693
v 0.598821 -0.319917 -0.260693
v 0.599030 -0.318068 -0.260693
v 0.599090 -0.316611 -0.260693
v 0.599057 -0.315174 -0.260693
v 0.551514 -0.315174 -0.268013
v 0.551503 -0.317413 -0.268013
v 0.551717 -0.319691 -0.268013
v 0.552164 -0.321977 -0.268013
v 0.552771 -0.324012 -0.268013
v 0.553481 -0.325802 -0.268013
v 0.554340 -0.327535 -0.268013
v 0.555341 -0.329192 -0.268013
v 0.556473 -0.330757 -0.268013
v 0.557722 -0.332215 -0.268013
v 0.559073 -0.333555 -0.268013
v 0.560509 -0.334768 -0.268013
v 0.562012 -0.335848 -0.268013
v 0.563570 -0.336794 -0.268013
v 0.565216 -0.337629 -0.268013
v 0.566953 -0.338346 -0.268013
v 0.568769 -0.338933 -0.268013
v 0.570648 -0.339378 -0.268013
v 0.572573 -0.339675 -0.268013
v 0.574525 -0.339815 -0.268013
v 0.576485 -0.339798 -0.268013
v 0.578433 -0.339622 -0.268013
v 0.580349 -0.339291 -0.268013
v 0.582215 -0.338813 -0.268013
v 0.584014 -0.338196 -0.268013
v 0.585732 -0.337452 -0.268013
v 0.587356 -0.336593 -0.268013
v 0.588901 -0.335618 -0.268013
v 0.590391 -0.334508 -0.268013
v 0.591809 -0.333266 -0.268013
v 0.593139 -0.331898 -0.268013
v 0.594363 -0.330415 -0.268013
v 0.595466 -0.328829 -0.268013
v 0.596436 -0.327153 -0.268013
v 0.597263 -0.325406 -0.268013
v 0.597938 -0.323605 -0.268013
v 0.598458 -0.321769 -0.268013
v 0.598821 -0.319917 -0.268013
v 0.599030 -0.318068 -0.268013
v 0.599090 -0.316611 -0.268013
v 0.599057 -0.315174 -0.268013
v 0.599057 0.238614 -0.260693
v 0.599057 0.238614 -0.268013
v 0.599057 -0.315174 -0.268013
v 0.595641 -0.241551 -0.268013
v 0.593273 -0.167868 -0.268013
v 0.591953 -0.094186 -0.268013
v 0.591682 -0.020498 -0.268013
v 0.592610 0.061370 -0.268013
v 0.594832 0.143208 -0.268013
v 0.596725 0.190925 -0.268013
v 0.599057 -0.315174 -0.260693
v 0.595641 -0.241551 -0.260693
v 0.593273 -0.167868 -0.260693
v 0.591953 -0.094186 -0.260693
v 0.591682 -0.020498 -0.260693
v 0.592610 0.061370 -0.260693
v 0.594832 0.143208 -0.260693
v 0.596725 0.190925 -0.260693
v 0.551514 0.238614 -0.268013
v 0.554930 0.164991 -0.268013
v 0.557299 0.091308 -0.268013
v 0.558618 0.017626 -0.268013
v 0.558890 -0.056063 -0.268013
v 0.557962 -0.137930 -0.268013
v 0.555740 -0.219768 -0.268013
v 0.553847 -0.267485 -0.268013
v 0.551514 -0.315174 -0.268013
v 0.551503 -0.317413 -0.268013
v 0.551717 -0.319691 -0.268013
v 0.552164 -0.321977 -0.268013
v 0.552771 -0.324012 -0.268013
v 0.553481 -0.325802 -0.268013
v 0.554340 -0.327535 -0.268013
v 0.555341 -0.329192 -0.268013
v 0.556473 -0.330757 -0.268013
v 0.557722 -0.332215 -0.268013
v 0.559073 -0.333555 -0.268013
v 0.560509 -0.334768 -0.268013
v 0.562012 -0.335848 -0.268013
v 0.563570 -0.336794 -0.268013
v 0.565216 -0.337629 -0.268013
v 0.566953 -0.338346 -0.268013
v 0.568769 -0.338933 -0.268013
v 0.570648 -0.339378 -0.268013
v 0.572573 -0.339675 -0.268013
v 0.574525 -0.339815 -0.268013
v 0.576485 -0.339798 -0.268013
v 0.578433 -0.339622 -0.268013
v 0.580349 -0.339291 -0.268013
v 0.582215 -0.338813 -0.268013
v 0.584014 -0.338196 -0.268013
v 0.585732 -0.337452 -0.268013
v 0.587356 -0.336593 -0.268013
v 0.588901 -0.335618 -0.268013
v 0.590391 -0.334508 -0.268013
v 0.591809 -0.333266 -0.268013
v 0.593139 -0.331898 -0.268013
v 0.594363 -0.330415 -0.268013
v 0.595466 -0.328829 -0.268013
v 0.596436 -0.327153 -0.268013
v 0.597263 -0.325406 -0.268013
v 0.597938 -0.323605 -0.268013
v 0.598458 -0.321769 -0.268013
v 0.598821 -0.319917 -0.268013
v 0.599030 -0.318068 -0.268013
v 0.599090 -0.316611 -0.268013
v 0.599057 -0.315174 -0.268013
v 0.595641 -0.241551 -0.268013
v 0.593273 -0.167868 -0.268013
v 0.591953 -0.094186 -0.268013
v 0.591682 -0.020498 -0.268013
v 0.592610 0.061370 -0.268013
v 0.594832 0.143208 -0.268013
v 0.596725 0.190925 -0.268013
v 0.599057 0.238614 -0.268013
v 0.599068 0.240853 -0.268013
v 0.598855 0.243131 -0.268013
v 0.598407 0.245417 -0.268013
v 0.597800 0.247452 -0.268013
v 0.597091 0.249242 -0.268013
v 0.596231 0.250975 -0.268013
v 0.595231 0.252632 -0.268013
v 0.594099 0.254196 -0.268013
v 0.592850 0.255655 -0.268013
v 0.591499 0.256995 -0.268013
v 0.590063 0.258208 -0.268013
v 0.588559 0.259288 -0.268013
v 0.587001 0.260234 -0.268013
v 0.585356 0.261068 -0.268013
v 0.583618 0.261785 -0.268013
v 0.581803 0.262372 -0.268013
v 0.579924 0.262818 -0.268013
v 0.577999 0.263114 -0.268013
v 0.576047 0.263255 -0.268013
v 0.574087 0.263237 -0.268013
v 0.572139 0.263062 -0.268013
v 0.570223 0.262731 -0.268013
v 0.568357 0.262253 -0.268013
v 0.566557 0.261636 -0.268013
v 0.564840 0.260891 -0.268013
v 0.563216 0.260033 -0.268013
v 0.561671 0.259058 -0.268013
v 0.560181 0.257948 -0.268013
v 0.558762 0.256706 -0.268013
v 0.557433 0.255338 -0.268013
v 0.556209 0.253855 -0.268013
v 0.555106 0.252268 -0.268013
v 0.554135 0.250593 -0.268013
v 0.553309 0.248846 -0.268013
v 0.552634 0.247045 -0.268013
v 0.552114 0.245209 -0.268013
v 0.551750 0.243357 -0.268013
v 0.551541 0.241508 -0.268013
v 0.551482 0.240050 -0.268013
v -0.599041 -0.315174 -0.260693
v -0.599041 -0.315174 -0.268013
v -0.599041 0.238614 -0.268013
v -0.595625 0.164991 -0.268013
v -0.593256 0.091308 -0.268013
v -0.591937 0.017626 -0.268013
v -0.591665 -0.056063 -0.268013
v -0.592594 -0.137930 -0.268013
v -0.594815 -0.219768 -0.268013
v -0.596708 -0.267485 -0.268013
v -0.599041 0.238614 -0.260693
v -0.595625 0.164991 -0.260693
v -0.593256 0.091308 -0.260693
v -0.591937 0.017626 -0.260693
v -0.591665 -0.056063 -0.260693
v -0.592594 -0.137930 -0.260693
v -0.594815 -0.219768 -0.260693
v -0.596708 -0.267485 -0.260693
v -0.551498 0.238614 -0.260693
v -0.551487 0.240853 -0.260693
v -0.551700 0.243131 -0.260693
v -0.552148 0.245417 -0.260693
v -0.552755 0.247452 -0.260693
v -0.553464 0.249242 -0.260693
v -0.554324 0.250975 -0.260693
v -0.555325 0.252632 -0.260693
v -0.556456 0.254196 -0.260693
v -0.557705 0.255655 -0.260693
v -0.559056 0.256995 -0.260693
v -0.560492 0.258208 -0.260693
v -0.561996 0.259288 -0.260693
v -0.563554 0.260234 -0.260693
v -0.565200 0.261068 -0.260693
v -0.566937 0.261785 -0.260693
v -0.568752 0.262372 -0.260693
v -0.570631 0.262818 -0.260693
v -0.572556 0.263114 -0.260693
v -0.574508 0.263255 -0.260693
v -0.576468 0.263237 -0.260693
v -0.578416 0.263062 -0.260693
v -0.580332 0.262731 -0.260693
v -0.582198 0.262253 -0.260693
v -0.583998 0.261636 -0.260693
v -0.585716 0.260891 -0.260693
v -0.587339 0.260033 -0.260693
v -0.588884 0.259058 -0.260693
v -0.590374 0.257948 -0.260693
v -0.591793 0.256706 -0.260693
v -0.593122 0.255338 -0.260693
v -0.594346 0.253855 -0.260693
v -0.595450 0.252268 -0.260693
v -0.596420 0.250593 -0.260693
v -0.597246 0.248846 -0.260693
v -0.597921 0.247045 -0.260693
v -0.598441 0.245209 -0.260693
v -0.598805 0.243357 -0.260693
v -0.599014 0.241508 -0.260693
v -0.599073 0.240050 -0.260693
v -0.599041 0.238614 -0.260693
v -0.551498 0.238614 -0.268013
v -0.551487 0.240853 -0.268013
v -0.551700 0.243131 -0.268013
v -0.552148 0.245417 -0.268013
v -0.552755 0.247452 -0.268013
v -0.553464 0.249242 -0.268013
v -0.554324 0.250975 -0.268013
v -0.555325 0.252632 -0.268013
v -0.556456 0.254196 -0.268013
v -0.557705 0.255655 -0.268013
v -0.559056 0.256995 -0.268013
v -0.560492 0.258208 -0.268013
v -0.561996 0.259288 -0.268013
v -0.563554 0.260234 -0.268013
v -0.565200 0.261068 -0.268013
v -0.566937 0.261785 -0.268013
v -0.568752 0.262372 -0.268013
v -0.570631 0.262818 -0.268013
v -0.572556 0.263114 -0.268013
v -0.574508 0.263255 -0.268013
v -0.576468 0.263237 -0.268013
v -0.578416 0.263062 -0.268013
v -0.580332 0.262731 -0.268013
v -0.582198 0.262253 -0.268013
v -0.583998 0.261636 -0.268013
v -0.585716 0.260891 -0.268013
v -0.587339 0.260033 -0.268013
v -0.588884 0.259058 -0.268013
v -0.590374 0.257948 -0.268013
v -0.591793 0.256706 -0.268013
v -0.593122 0.255338 -0.268013
v -0.594346 0.253855 -0.268013
v -0.595450 0.252268 -0.268013
v -0.596420 0.250593 -0.268013
v -0.597246 0.248846 -0.268013
v -0.597921 0.247045 -0.268013
v -0.598441 0.245209 -0.268013
v -0.598805 0.243357 -0.268013
v -0.599014 0.241508 -0.268013
v -0.599073 0.240050 -0.268013
v -0.599041 0.238614 -0.268013
v -0.599041 -0.315174 -0.260693
v -0.599052 -0.317413 -0.260693
v -0.598839 -0.319691 -0.260693
v -0.598391 -0.321977 -0.260693
v -0.597784 -0.324012 -0.260693
v -0.597074 -0.325802 -0.260693
v -0.596215 -0.327535 -0.260693
v -0.595214 -0.329192 -0.260693
v -0.594082 -0.330757 -0.260693
v -0.592833 -0.332215 -0.260693
v -0.591483 -0.333555 -0.260693
v -0.590046 -0.334768 -0.260693
v -0.588543 -0.335848 -0.260693
v -0.586985 -0.336794 -0.260693
v -0.585339 -0.337629 -0.260693
v -0.583602 -0.338346 -0.260693
v -0.581786 -0.338933 -0.260693
v -0.579907 -0.339378 -0.260693
v -0.577982 -0.339675 -0.260693
v -0.576030 -0.339815 -0.260693
v -0.574070 -0.339798 -0.260693
v -0.572122 -0.339622 -0.260693
v -0.570206 -0.339291 -0.260693
v -0.568340 -0.338813 -0.260693
v -0.566541 -0.338196 -0.260693
v -0.564823 -0.337452 -0.260693
v -0.563199 -0.336593 -0.260693
v -0.561655 -0.335618 -0.260693
v -0.560164 -0.334508 -0.260693
v -0.558746 -0.333266 -0.260693
v -0.557416 -0.331898 -0.260693
v -0.556192 -0.330415 -0.260693
v -0.555089 -0.328829 -0.260693
v -0.554119 -0.327153 -0.260693
v -0.553292 -0.325406 -0.260693
v -0.552617 -0.323605 -0.260693
v -0.552097 -0.321769 -0.260693
v -0.551734 -0.319917 -0.260693
v -0.551525 -0.318068 -0.260693
v -0.551466 -0.316611 -0.260693
v -0.551498 -0.315174 -0.260693
v -0.599041 -0.315174 -0.268013
v -0.599052 -0.317413 -0.268013
v -0.598839 -0.319691 -0.268013
v -0.598391 -0.321977 -0.268013
v -0.597784 -0.324012 -0.268013
v -0.597074 -0.325802 -0.268013
v -0.596215 -0.327535 -0.268013
v -0.595214 -0.329192 -0.268013
v -0.594082 -0.330757 -0.268013
v -0.592833 -0.332215 -0.268013
v -0.591483 -0.333555 -0.268013
v -0.590046 -0.334768 -0.268013
v -0.588543 -0.335848 -0.268013
v -0.586985 -0.336794 -0.268013
v -0.585339 -0.337629 -0.268013
v -0.583602 -0.338346 -0.268013
v -0.581786 -0.338933 -0.268013
v -0.579907 -0.339378 -0.268013
v -0.577982 -0.339675 -0.268013
v -0.576030 -0.339815 -0.268013
v -0.574070 -0.339798 -0.268013
v -0.572122 -0.339622 -0.268013
v -0.570206 -0.339291 -0.268013
v -0.568340 -0.338813 -0.268013
v -0.566541 -0.338196 -0.268013
v -0.564823 -0.337452 -0.268013
v -0.563199 -0.336593 -0.268013
v -0.561655 -0.335618 -0.268013
v -0.560164 -0.334508 -0.268013
v -0.558746 -0.333266 -0.268013
v -0.557416 -0.331898 -0.268013
v -0.556192 -0.330415 -0.268013
v -0.555089 -0.328829 -0.268013
v -0.554119 -0.327153 -0.268013
v -0.553292 -0.325406 -0.268013
v -0.552617 -0.323605 -0.268013
v -0.552097 -0.321769 -0.268013
v -0.551734 -0.319917 -0.268013
v -0.551525 -0.318068 -0.268013
v -0.551466 -0.316611 -0.268013
v -0.551498 -0.315174 -0.268013
v -0.551498 0.238614 -0.260693
v -0.551498 0.238614 -0.268013
v -0.551498 -0.315174 -0.268013
v -0.554914 -0.241551 -0.268013
v -0.557282 -0.167868 -0.268013
v -0.558602 -0.094186 -0.268013
v -0.558873 -0.020498 -0.268013
v -0.557945 0.061370 -0.268013
v -0.555723 0.143208 -0.268013
v -0.553830 0.190925 -0.268013
v -0.551498 -0.315174 -0.260693
v -0.554914 -0.241551 -0.260693
v -0.557282 -0.167868 -0.260693
v -0.558602 -0.094186 -0.260693
v -0.558873 -0.020498 -0.260693
v -0.557945 0.061370 -0.260693
v -0.555723 0.143208 -0.260693
v -0.553830 0.190925 -0.260693
v -0.599041 0.238614 -0.268013
v -0.595625 0.164991 -0.268013
v -0.593256 0.091308 -0.268013
v -0.591937 0.017626 -0.268013
v -0.591665 -0.056063 -0.268013
v -0.592594 -0.137930 -0.268013
v -0.594815 -0.219768 -0.268013
v -0.596708 -0.267485 -0.268013
v -0.599041 -0.315174 -0.268013
v -0.599052 -0.317413 -0.268013
v -0.598839 -0.319691 -0.268013
v -0.598391 -0.321977 -0.268013
v -0.597784 -0.324012 -0.268013
v -0.597074 -0.325802 -0.268013
v -0.596215 -0.327535 -0.268013
v -0.595214 -0.329192 -0.268013
v -0.594082 -0.330757 -0.268013
v -0.592833 -0.332215 -0.268013
v -0.591483 -0.333555 -0.268013
v -0.590046 -0.334768 -0.268013
v -0.588543 -0.335848 -0.268013
v -0.586985 -0.336794 -0.268013
v -0.585339 -0.337629 -0.268013
v -0.583602 -0.338346 -0.268013
v -0.581786 -0.338933 -0.268013
v -0.579907 -0.339378 -0.268013
v -0.577982 -0.339675 -0.268013
v -0.576030 -0.339815 -0.268013
v -0.574070 -0.339798 -0.268013
v -0.572122 -0.339622 -0.268013
v -0.570206 -0.339291 -0.268013
v -0.568340 -0.338813 -0.268013
v -0.566541 -0.338196 -0.268013
v -0.564823 -0.337452 -0.268013
v -0.563199 -0.336593 -0.268013
v -0.561655 -0.335618 -0.268013
v -0.560164 -0.334508 -0.268013
v -0.558746 -0.333266 -0.268013
v -0.557416 -0.331898 -0.268013
v -0.556192 -0.330415 -0.268013
v -0.555089 -0.328829 -0.268013
v -0.554119 -0.327153 -0.268013
v -0.553292 -0.325406 -0.268013
v -0.552617 -0.323605 -0.268013
v -0.552097 -0.321769 -0.268013
v -0.551734 -0.319917 -0.268013
v -0.551525 -0.318068 -0.268013
v -0.551466 -0.316611 -0.268013
v -0.551498 -0.315174 -0.268013
v -0.554914 -0.241551 -0.268013
v -0.557282 -0.167868 -0.268013
v -0.558602 -0.094186 -0.268013
v -0.558873 -0.020498 -0.268013
v -0.557945 0.061370 -0.268013
v -0.555723 0.143208 -0.268013
v -0.553830 0.190925 -0.268013
v -0.551498 0.238614 -0.268013
v -0.551487 0.240853 -0.268013
v -0.551700 0.243131 -0.268013
v -0.552148 0.245417 -0.268013
v -0.552755 0.247452 -0.268013
v -0.553464 0.249242 -0.268013
v -0.554324 0.250975 -0.268013
v -0.555325 0.252632 -0.268013
v -0.556456 0.254196 -0.268013
v -0.557705 0.255655 -0.268013
v -0.559056 0.256995 -0.268013
v -0.560492 0.258208 -0.268013
v -0.561996 0.259288 -0.268013
v -0.563554 0.260234 -0.268013
v -0.565200 0.261068 -0.268013
v -0.566937 0.261785 -0.268013
v -0.568752 0.262372 -0.268013
v -0.570631 0.262818 -0.268013
v -0.572556 0.263114 -0.268013
v -0.574508 0.263255 -0.268013
v -0.576468 0.263237 -0.268013
v -0.578416 0.263062 -0.268013
v -0.580332 0.262731 -0.268013
v -0.582198 0.262253 -0.268013
v -0.583998 0.261636 -0.268013
v -0.585716 0.260891 -0.268013
v -0.587339 0.260033 -0.268013
v -0.588884 0.259058 -0.268013
v -0.590374 0.257948 -0.268013
v -0.591793 0.256706 -0.268013
v -0.593122 0.255338 -0.268013
v -0.594346 0.253855 -0.268013
v -0.595450 0.252268 -0.268013
v -0.596420 0.250593 -0.268013
v -0.597246 0.248846 -0.268013
v -0.597921 0.247045 -0.268013
v -0.598441 0.245209 -0.268013
v -0.598805 0.243357 -0.268013
v -0.599014 0.241508 -0.268013
v -0.599073 0.240050 -0.268013
v -0.642716 0.300353 0.265394
v -0.642716 0.303278 0.265394
v -0.642716 0.303278 0.049689
v -0.642716 0.314501 0.049689
v -0.642716 0.314956 0.049667
v -0.642716 0.315420 0.049601
v -0.642716 0.315887 0.049488
v -0.642716 0.316302 0.049344
v -0.642716 0.316668 0.049181
v -0.642716 0.317022 0.048986
v -0.642716 0.317361 0.048762
v -0.642716 0.317680 0.048510
v -0.642716 0.317977 0.048233
v -0.642716 0.318248 0.047934
v -0.642716 0.318491 0.047617
v -0.642716 0.318705 0.047285
v -0.642716 0.318889 0.046942
v -0.642716 0.319043 0.046592
v -0.642716 0.319146 0.046301
v -0.642716 0.319230 0.046011
v -0.642716 0.320854 0.038293
v -0.642716 0.321835 0.030454
v -0.642716 0.322162 0.022574
v -0.642716 0.322162 -0.001280
v -0.642716 0.321835 -0.009160
v -0.642716 0.320854 -0.016999
v -0.642716 0.319230 -0.024717
v -0.642716 0.319097 -0.025153
v -0.642716 0.318919 -0.025587
v -0.642716 0.318694 -0.026011
v -0.642716 0.318452 -0.026378
v -0.642716 0.318204 -0.026693
v -0.642716 0.317928 -0.026988
v -0.642716 0.317628 -0.027261
v -0.642716 0.317305 -0.027508
v -0.642716 0.316964 -0.027728
v -0.642716 0.316607 -0.027917
v -0.642716 0.316240 -0.028075
v -0.642716 0.315865 -0.028200
v -0.642716 0.315487 -0.028294
v -0.642716 0.315110 -0.028357
v -0.642716 0.314803 -0.028385
v -0.642716 0.314501 -0.028395
v -0.642716 0.303278 -0.028395
v -0.642716 0.303278 -0.244100
v -0.642716 0.300353 -0.244100
v -0.642716 0.304596 0.021382
v -0.642716 0.317868 0.021382
v -0.642716 0.304596 -0.000334
v -0.642716 0.317868 -0.000334
v 0.195130 0.296934 0.265394
v 0.201436 0.296934 0.265394
v 0.195130 0.296934 -0.244100
v 0.201436 0.296934 -0.244100
v 0.005959 -0.330920 0.265394
v 0.005959 -0.364517 0.231791
v 0.200312 -0.330920 0.265394
v 0.200312 -0.364517 0.231791
v -0.005943 -0.330920 0.265394
v -0.005943 -0.364517 0.231791
v -0.200295 -0.364517 0.231791
v -0.200295 -0.330920 0.265394
v -0.005943 -0.364517 -0.210497
v -0.005943 -0.330920 -0.244100
v -0.200295 -0.330920 -0.244100
v -0.200295 -0.364517 -0.210497
v 0.005959 -0.364517 -0.210497
v 0.005959 -0.330920 -0.244100
v 0.200312 -0.364517 -0.210497
v 0.200312 -0.330920 -0.244100
v -0.195114 0.296934 -0.244100
v -0.188927 0.295921 -0.244100
v -0.182770 0.294336 -0.244100
v -0.176723 0.292177 -0.244100
v -0.170868 0.289458 -0.244100
v -0.165285 0.286207 -0.244100
v -0.160047 0.282466 -0.244100
v -0.155217 0.278291 -0.244100
v -0.150967 0.273885 -0.244100
v -0.147183 0.269195 -0.244100
v -0.195114 0.296934 0.265394
v -0.188927 0.295922 0.265394
v -0.182770 0.294336 0.265394
v -0.176723 0.292177 0.265394
v -0.170868 0.289458 0.265394
v -0.165285 0.286207 0.265394
v -0.160047 0.282466 0.265394
v -0.155217 0.278291 0.265394
v -0.150967 0.273885 0.265394
v -0.147183 0.269195 0.265394
v -0.147183 0.269195 -0.244100
v -0.135706 0.252719 -0.244100
v -0.124964 0.235400 -0.244100
v -0.115334 0.217851 -0.244100
v -0.106657 0.199842 -0.244100
v -0.098955 0.181424 -0.244100
v -0.092247 0.162649 -0.244100
v -0.086550 0.143568 -0.244100
v -0.081876 0.124234 -0.244100
v -0.078237 0.104700 -0.244100
v -0.075639 0.085019 -0.244100
v -0.074089 0.065245 -0.244100
v -0.073588 0.045432 -0.244100
v -0.074260 0.023437 -0.244100
v -0.076221 0.001535 -0.244100
v -0.079461 -0.020200 -0.244100
v -0.083965 -0.041697 -0.244100
v -0.089717 -0.062886 -0.244100
v -0.096692 -0.083696 -0.244100
v -0.104867 -0.104059 -0.244100
v -0.114209 -0.123910 -0.244100
v -0.124685 -0.143183 -0.244100
v -0.135556 -0.160752 -0.244100
v -0.147183 -0.177457 -0.244100
v -0.147183 0.269195 0.265394
v -0.135706 0.252719 0.265394
v -0.124964 0.235401 0.265394
v -0.115334 0.217851 0.265394
v -0.106657 0.199842 0.265394
v -0.098955 0.181424 0.265394
v -0.092247 0.162649 0.265394
v -0.086550 0.143568 0.265394
v -0.081876 0.124234 0.265394
v -0.078237 0.104700 0.265394
v -0.075639 0.085019 0.265394
v -0.074089 0.065245 0.265394
v -0.073588 0.045432 0.265394
v -0.074260 0.023437 0.265394
v -0.076221 0.001536 0.265394
v -0.079461 -0.020200 0.265394
v -0.083965 -0.041697 0.265394
v -0.089717 -0.062886 0.265394
v -0.096692 -0.083696 0.265394
v -0.104867 -0.104059 0.265394
v -0.114209 -0.123909 0.265394
v -0.124685 -0.143183 0.265394
v -0.135556 -0.160752 0.265394
v -0.147183 -0.177457 0.265394
v -0.147183 -0.177457 -0.244100
v -0.151093 -0.182289 -0.244100
v -0.155505 -0.186825 -0.244100
v -0.160386 -0.190992 -0.244100
v -0.165682 -0.194723 -0.244100
v -0.171333 -0.197960 -0.244100
v -0.177265 -0.200658 -0.244100
v -0.183396 -0.202786 -0.244100
v -0.189642 -0.204329 -0.244100
v -0.194982 -0.205180 -0.244100
v -0.200295 -0.205616 -0.244100
v -0.147183 -0.177457 0.265394
v -0.151093 -0.182289 0.265394
v -0.155505 -0.186825 0.265394
v -0.160386 -0.190992 0.265394
v -0.165682 -0.194723 0.265394
v -0.171333 -0.197960 0.265394
v -0.177265 -0.200658 0.265394
v -0.183396 -0.202786 0.265394
v -0.189642 -0.204329 0.265394
v -0.194982 -0.205180 0.265394
v -0.200295 -0.205616 0.265394
v 0.200312 -0.205616 -0.244100
v 0.194060 -0.205061 -0.244100
v 0.187783 -0.203929 -0.244100
v 0.181562 -0.202210 -0.244100
v 0.175482 -0.199909 -0.244100
v 0.169626 -0.197046 -0.244100
v 0.164074 -0.193656 -0.244100
v 0.158896 -0.189788 -0.244100
v 0.154151 -0.185503 -0.244100
v 0.150492 -0.181583 -0.244100
v 0.147200 -0.177457 -0.244100
v 0.200312 -0.205616 0.265394
v 0.147200 -0.177457 0.265394
v 0.151109 -0.182289 0.265394
v 0.155522 -0.186825 0.265394
v 0.160402 -0.190992 0.265394
v 0.165699 -0.194723 0.265394
v 0.171350 -0.197960 0.265394
v 0.177281 -0.200658 0.265394
v 0.183412 -0.202786 0.265394
v 0.189659 -0.204329 0.265394
v 0.194999 -0.205180 0.265394
v 0.147200 -0.177457 -0.244100
v 0.135723 -0.160981 -0.244100
v 0.124981 -0.143662 -0.244100
v 0.115350 -0.126112 -0.244100
v 0.106673 -0.108103 -0.244100
v 0.098971 -0.089686 -0.244100
v 0.092264 -0.070911 -0.244100
v 0.086566 -0.051830 -0.244100
v 0.081893 -0.032495 -0.244100
v 0.078253 -0.012961 -0.244100
v 0.075656 0.006720 -0.244100
v 0.074106 0.026494 -0.244100
v 0.073604 0.046307 -0.244100
v 0.074277 0.068302 -0.244100
v 0.076238 0.090203 -0.244100
v 0.079477 0.111939 -0.244100
v 0.083982 0.133436 -0.244100
v 0.089733 0.154624 -0.244100
v 0.096709 0.175434 -0.244100
v 0.104883 0.195798 -0.244100
v 0.114225 0.215648 -0.244100
v 0.124702 0.234921 -0.244100
v 0.135573 0.252491 -0.244100
v 0.147200 0.269195 -0.244100
v 0.147200 -0.177457 0.265394
v 0.147200 0.269195 0.265394
v 0.135723 0.252719 0.265394
v 0.124981 0.235401 0.265394
v 0.115350 0.217851 0.265394
v 0.106673 0.199842 0.265394
v 0.098971 0.181424 0.265394
v 0.092264 0.162649 0.265394
v 0.086566 0.143568 0.265394
v 0.081893 0.124234 0.265394
v 0.078253 0.104700 0.265394
v 0.075656 0.085019 0.265394
v 0.074106 0.065245 0.265394
v 0.073604 0.045432 0.265394
v 0.074277 0.023437 0.265394
v 0.076238 0.001536 0.265394
v 0.079477 -0.020200 0.265394
v 0.083982 -0.041697 0.265394
v 0.089733 -0.062886 0.265394
v 0.096709 -0.083696 0.265394
v 0.104883 -0.104059 0.265394
v 0.114225 -0.123909 0.265394
v 0.124702 -0.143183 0.265394
v 0.135573 -0.160752 0.265394
v 0.195130 0.296934 0.265394
v 0.188944 0.295922 0.265394
v 0.182786 0.294336 0.265394
v 0.176739 0.292177 0.265394
v 0.170885 0.289458 0.265394
v 0.165302 0.286207 0.265394
v 0.160064 0.282466 0.265394
v 0.155233 0.278291 0.265394
v 0.150983 0.273885 0.265394
v 0.147200 0.269195 0.265394
v 0.195130 0.296934 -0.244100
v 0.147200 0.269195 -0.244100
v 0.151106 0.274023 -0.244100
v 0.155506 0.278548 -0.244100
v 0.160362 0.282699 -0.244100
v 0.165622 0.286412 -0.244100
v 0.171223 0.289633 -0.244100
v 0.177091 0.292320 -0.244100
v 0.183147 0.294446 -0.244100
v 0.189126 0.295959 -0.244100
v 0.601038 0.238512 0.281987
v 0.597623 0.164902 0.281987
v 0.595255 0.091232 0.281987
v 0.593936 0.017565 0.281987
v 0.593666 -0.056111 0.281987
v 0.594595 -0.137963 0.281987
v 0.596817 -0.219786 0.281987
v 0.598709 -0.267443 0.281987
v 0.601038 -0.315072 0.281987
v 0.601038 0.238512 0.270762
v 0.597623 0.164902 0.270762
v 0.595255 0.091232 0.270762
v 0.593936 0.017565 0.270762
v 0.593666 -0.056111 0.270762
v 0.594595 -0.137963 0.270762
v 0.596817 -0.219786 0.270762
v 0.598709 -0.267443 0.270762
v 0.601038 -0.315072 0.270762
v 0.549533 -0.315072 0.270762
v 0.549533 -0.315072 0.281987
v 0.601038 -0.315072 0.270762
v 0.601054 -0.317401 0.270762
v 0.600846 -0.319770 0.270762
v 0.600405 -0.322151 0.270762
v 0.599724 -0.324507 0.270762
v 0.598808 -0.326806 0.270762
v 0.597665 -0.329014 0.270762
v 0.596311 -0.331098 0.270762
v 0.594767 -0.333031 0.270762
v 0.593060 -0.334789 0.270762
v 0.591220 -0.336356 0.270762
v 0.589278 -0.337720 0.270762
v 0.587244 -0.338886 0.270762
v 0.585067 -0.339883 0.270762
v 0.582763 -0.340689 0.270762
v 0.580357 -0.341284 0.270762
v 0.577881 -0.341650 0.270762
v 0.575368 -0.341779 0.270762
v 0.572854 -0.341666 0.270762
v 0.570374 -0.341315 0.270762
v 0.567963 -0.340735 0.270762
v 0.565651 -0.339942 0.270762
v 0.563466 -0.338957 0.270762
v 0.561423 -0.337801 0.270762
v 0.559475 -0.336451 0.270762
v 0.557628 -0.334898 0.270762
v 0.555911 -0.333151 0.270762
v 0.554356 -0.331229 0.270762
v 0.552989 -0.329154 0.270762
v 0.551831 -0.326954 0.270762
v 0.550900 -0.324659 0.270762
v 0.550204 -0.322305 0.270762
v 0.549747 -0.319926 0.270762
v 0.549524 -0.317554 0.270762
v 0.549498 -0.316305 0.270762
v 0.601038 -0.315072 0.281987
v 0.601054 -0.317401 0.281987
v 0.600846 -0.319770 0.281987
v 0.600405 -0.322151 0.281987
v 0.599724 -0.324507 0.281987
v 0.598808 -0.326806 0.281987
v 0.597665 -0.329014 0.281987
v 0.596311 -0.331098 0.281987
v 0.594767 -0.333031 0.281987
v 0.593060 -0.334789 0.281987
v 0.591220 -0.336356 0.281987
v 0.589278 -0.337720 0.281987
v 0.587244 -0.338886 0.281987
v 0.585067 -0.339883 0.281987
v 0.582763 -0.340689 0.281987
v 0.580357 -0.341284 0.281987
v 0.577881 -0.341650 0.281987
v 0.575368 -0.341779 0.281987
v 0.572854 -0.341666 0.281987
v 0.570374 -0.341315 0.281987
v 0.567963 -0.340735 0.281987
v 0.565651 -0.339942 0.281987
v 0.563466 -0.338957 0.281987
v 0.561423 -0.337801 0.281987
v 0.559475 -0.336451 0.281987
v 0.557628 -0.334898 0.281987
v 0.555911 -0.333151 0.281987
v 0.554356 -0.331229 0.281987
v 0.552989 -0.329154 0.281987
v 0.551831 -0.326954 0.281987
v 0.550900 -0.324659 0.281987
v 0.550204 -0.322305 0.281987
v 0.549747 -0.319926 0.281987
v 0.549524 -0.317554 0.281987
v 0.549498 -0.316305 0.281987
v 0.549533 -0.315072 0.281987
v 0.552949 -0.241462 0.281987
v 0.555317 -0.167792 0.281987
v 0.556635 -0.094125 0.281987
v 0.556906 -0.020450 0.281987
v 0.555977 0.061402 0.281987
v 0.553754 0.143225 0.281987
v 0.551863 0.190883 0.281987
v 0.549533 0.238512 0.281987
v 0.549533 -0.315072 0.270762
v 0.552949 -0.241462 0.270762
v 0.555317 -0.167792 0.270762
v 0.556635 -0.094125 0.270762
v 0.556906 -0.020450 0.270762
v 0.555977 0.061402 0.270762
v 0.553754 0.143225 0.270762
v 0.551863 0.190883 0.270762
v 0.549533 0.238512 0.270762
v 0.601038 0.238512 0.270762
v 0.601038 0.238512 0.281987
v 0.549533 0.238512 0.270762
v 0.549517 0.240840 0.270762
v 0.549725 0.243210 0.270762
v 0.550167 0.245590 0.270762
v 0.550847 0.247947 0.270762
v 0.551764 0.250246 0.270762
v 0.552907 0.252454 0.270762
v 0.554261 0.254538 0.270762
v 0.555804 0.256471 0.270762
v 0.557511 0.258229 0.270762
v 0.559352 0.259796 0.270762
v 0.561294 0.261159 0.270762
v 0.563328 0.262326 0.270762
v 0.565504 0.263323 0.270762
v 0.567809 0.264129 0.270762
v 0.570214 0.264723 0.270762
v 0.572690 0.265090 0.270762
v 0.575204 0.265219 0.270762
v 0.577718 0.265106 0.270762
v 0.580198 0.264754 0.270762
v 0.582609 0.264174 0.270762
v 0.584921 0.263382 0.270762
v 0.587106 0.262397 0.270762
v 0.589148 0.261241 0.270762
v 0.591096 0.259891 0.270762
v 0.592944 0.258337 0.270762
v 0.594661 0.256591 0.270762
v 0.596216 0.254669 0.270762
v 0.597583 0.252594 0.270762
v 0.598740 0.250393 0.270762
v 0.599672 0.248099 0.270762
v 0.600367 0.245745 0.270762
v 0.600825 0.243366 0.270762
v 0.601048 0.240994 0.270762
v 0.601074 0.239745 0.270762
v 0.549533 0.238512 0.281987
v 0.549517 0.240840 0.281987
v 0.549725 0.243210 0.281987
v 0.550167 0.245590 0.281987
v 0.550847 0.247947 0.281987
v 0.551764 0.250246 0.281987
v 0.552907 0.252454 0.281987
v 0.554261 0.254538 0.281987
v 0.555804 0.256471 0.281987
v 0.557511 0.258229 0.281987
v 0.559352 0.259796 0.281987
v 0.561294 0.261159 0.281987
v 0.563328 0.262326 0.281987
v 0.565504 0.263323 0.281987
v 0.567809 0.264129 0.281987
v 0.570214 0.264723 0.281987
v 0.572690 0.265090 0.281987
v 0.575204 0.265219 0.281987
v 0.577718 0.265106 0.281987
v 0.580198 0.264754 0.281987
v 0.582609 0.264174 0.281987
v 0.584921 0.263382 0.281987
v 0.587106 0.262397 0.281987
v 0.589148 0.261241 0.281987
v 0.591096 0.259891 0.281987
v 0.592944 0.258337 0.281987
v 0.594661 0.256591 0.281987
v 0.596216 0.254669 0.281987
v 0.597583 0.252594 0.281987
v 0.598740 0.250393 0.281987
v 0.599672 0.248099 0.281987
v 0.600367 0.245745 0.281987
v 0.600825 0.243366 0.281987
v 0.601048 0.240994 0.281987
v 0.601074 0.239745 0.281987
v 0.601038 -0.315072 0.270762
v 0.601054 -0.317401 0.270762
v 0.600846 -0.319770 0.270762
v 0.600405 -0.322151 0.270762
v 0.599724 -0.324507 0.270762
v 0.598808 -0.326806 0.270762
v 0.597665 -0.329014 0.270762
v 0.596311 -0.331098 0.270762
v 0.594767 -0.333031 0.270762
v 0.593060 -0.334789 0.270762
v 0.591220 -0.336356 0.270762
v 0.589278 -0.337720 0.270762
v 0.587244 -0.338886 0.270762
v 0.585067 -0.339883 0.270762
v 0.582763 -0.340689 0.270762
v 0.580357 -0.341284 0.270762
v 0.577881 -0.341650 0.270762
v 0.575368 -0.341779 0.270762
v 0.572854 -0.341666 0.270762
v 0.570374 -0.341315 0.270762
v 0.567963 -0.340735 0.270762
v 0.565651 -0.339942 0.270762
v 0.563466 -0.338957 0.270762
v 0.561423 -0.337801 0.270762
v 0.559475 -0.336451 0.270762
v 0.557628 -0.334898 0.270762
v 0.555911 -0.333151 0.270762
v 0.554356 -0.331229 0.270762
v 0.552989 -0.329154 0.270762
v 0.551831 -0.326954 0.270762
v 0.550900 -0.324659 0.270762
v 0.550204 -0.322305 0.270762
v 0.549747 -0.319926 0.270762
v 0.549524 -0.317554 0.270762
v 0.549498 -0.316305 0.270762
v 0.549533 -0.315072 0.270762
v 0.601038 0.238512 0.270762
v 0.597623 0.164902 0.270762
v 0.595255 0.091232 0.270762
v 0.593936 0.017565 0.270762
v 0.593666 -0.056111 0.270762
v 0.594595 -0.137963 0.270762
v 0.596817 -0.219786 0.270762
v 0.598709 -0.267443 0.270762
v 0.549533 0.238512 0.270762
v 0.549517 0.240840 0.270762
v 0.549725 0.243210 0.270762
v 0.550167 0.245590 0.270762
v 0.550847 0.247947 0.270762
v 0.551764 0.250246 0.270762
v 0.552907 0.252454 0.270762
v 0.554261 0.254538 0.270762
v 0.555804 0.256471 0.270762
v 0.557511 0.258229 0.270762
v 0.559352 0.259796 0.270762
v 0.561294 0.261159 0.270762
v 0.563328 0.262326 0.270762
v 0.565504 0.263323 0.270762
v 0.567809 0.264129 0.270762
v 0.570214 0.264723 0.270762
v 0.572690 0.265090 0.270762
v 0.575204 0.265219 0.270762
v 0.577718 0.265106 0.270762
v 0.580198 0.264754 0.270762
v 0.582609 0.264174 0.270762
v 0.584921 0.263382 0.270762
v 0.587106 0.262397 0.270762
v 0.589148 0.261241 0.270762
v 0.591096 0.259891 0.270762
v 0.592944 0.258337 0.270762
v 0.594661 0.256591 0.270762
v 0.596216 0.254669 0.270762
v 0.597583 0.252594 0.270762
v 0.598740 0.250393 0.270762
v 0.599672 0.248099 0.270762
v 0.600367 0.245745 0.270762
v 0.600825 0.243366 0.270762
v 0.601048 0.240994 0.270762
v 0.601074 0.239745 0.270762
v 0.552949 -0.241462 0.270762
v 0.555317 -0.167792 0.270762
v 0.556635 -0.094125 0.270762
v 0.556906 -0.020450 0.270762
v 0.555977 0.061402 0.270762
v 0.553754 0.143225 0.270762
v 0.551863 0.190883 0.270762
v -0.549517 0.238512 0.281987
v -0.552932 0.164902 0.281987
v -0.555300 0.091232 0.281987
v -0.556619 0.017565 0.281987
v -0.556889 -0.056111 0.281987
v -0.555960 -0.137963 0.281987
v -0.553738 -0.219786 0.281987
v -0.551846 -0.267443 0.281987
v -0.549517 -0.315072 0.281987
v -0.549517 0.238512 0.270762
v -0.549517 -0.315072 0.270762
v -0.552932 -0.241462 0.270762
v -0.555300 -0.167792 0.270762
v -0.556619 -0.094125 0.270762
v -0.556889 -0.020450 0.270762
v -0.555960 0.061402 0.270762
v -0.553738 0.143225 0.270762
v -0.551846 0.190883 0.270762
v -0.601022 -0.315072 0.270762
v -0.601022 -0.315072 0.281987
v -0.601038 -0.317401 0.270762
v -0.600830 -0.319770 0.270762
v -0.600388 -0.322151 0.270762
v -0.599708 -0.324507 0.270762
v -0.598792 -0.326806 0.270762
v -0.597649 -0.329014 0.270762
v -0.596294 -0.331098 0.270762
v -0.594751 -0.333031 0.270762
v -0.593044 -0.334789 0.270762
v -0.591204 -0.336356 0.270762
v -0.589261 -0.337720 0.270762
v -0.587227 -0.338886 0.270762
v -0.585051 -0.339883 0.270762
v -0.582747 -0.340689 0.270762
v -0.580341 -0.341284 0.270762
v -0.577865 -0.341650 0.270762
v -0.575351 -0.341779 0.270762
v -0.572837 -0.341666 0.270762
v -0.570357 -0.341315 0.270762
v -0.567946 -0.340735 0.270762
v -0.565634 -0.339942 0.270762
v -0.563449 -0.338957 0.270762
v -0.561407 -0.337801 0.270762
v -0.559459 -0.336451 0.270762
v -0.557611 -0.334898 0.270762
v -0.555894 -0.333151 0.270762
v -0.554339 -0.331229 0.270762
v -0.552972 -0.329154 0.270762
v -0.551815 -0.326954 0.270762
v -0.550883 -0.324659 0.270762
v -0.550188 -0.322305 0.270762
v -0.549730 -0.319926 0.270762
v -0.549507 -0.317554 0.270762
v -0.549481 -0.316305 0.270762
v -0.549517 -0.315072 0.270762
v -0.549517 -0.315072 0.281987
v -0.549501 -0.317401 0.281987
v -0.549709 -0.319770 0.281987
v -0.550151 -0.322151 0.281987
v -0.550831 -0.324507 0.281987
v -0.551747 -0.326806 0.281987
v -0.552890 -0.329014 0.281987
v -0.554244 -0.331098 0.281987
v -0.555788 -0.333031 0.281987
v -0.557495 -0.334789 0.281987
v -0.559335 -0.336356 0.281987
v -0.561277 -0.337720 0.281987
v -0.563311 -0.338886 0.281987
v -0.565488 -0.339883 0.281987
v -0.567792 -0.340689 0.281987
v -0.570198 -0.341284 0.281987
v -0.572674 -0.341650 0.281987
v -0.575187 -0.341779 0.281987
v -0.577701 -0.341666 0.281987
v -0.580181 -0.341315 0.281987
v -0.582592 -0.340735 0.281987
v -0.584904 -0.339942 0.281987
v -0.587090 -0.338957 0.281987
v -0.589132 -0.337801 0.281987
v -0.591080 -0.336451 0.281987
v -0.592928 -0.334898 0.281987
v -0.594644 -0.333151 0.281987
v -0.596199 -0.331229 0.281987
v -0.597566 -0.329154 0.281987
v -0.598724 -0.326954 0.281987
v -0.599655 -0.324659 0.281987
v -0.600351 -0.322305 0.281987
v -0.600808 -0.319926 0.281987
v -0.601031 -0.317554 0.281987
v -0.601057 -0.316305 0.281987
v -0.601022 -0.315072 0.281987
v -0.597607 -0.241462 0.281987
v -0.595239 -0.167792 0.281987
v -0.593920 -0.094125 0.281987
v -0.593649 -0.020450 0.281987
v -0.594578 0.061402 0.281987
v -0.596801 0.143225 0.281987
v -0.598692 0.190883 0.281987
v -0.601022 0.238512 0.281987
v -0.601022 -0.315072 0.270762
v -0.601022 0.238512 0.270762
v -0.597607 0.164902 0.270762
v -0.595239 0.091232 0.270762
v -0.593920 0.017565 0.270762
v -0.593649 -0.056111 0.270762
v -0.594578 -0.137963 0.270762
v -0.596801 -0.219786 0.270762
v -0.598692 -0.267443 0.270762
v -0.549517 0.238512 0.270762
v -0.549517 0.238512 0.281987
v -0.549501 0.240840 0.270762
v -0.549709 0.243210 0.270762
v -0.550151 0.245590 0.270762
v -0.550831 0.247947 0.270762
v -0.551747 0.250246 0.270762
v -0.552890 0.252454 0.270762
v -0.554244 0.254538 0.270762
v -0.555788 0.256471 0.270762
v -0.557495 0.258229 0.270762
v -0.559335 0.259796 0.270762
v -0.561277 0.261159 0.270762
v -0.563311 0.262326 0.270762
v -0.565488 0.263323 0.270762
v -0.567792 0.264129 0.270762
v -0.570198 0.264723 0.270762
v -0.572674 0.265090 0.270762
v -0.575187 0.265219 0.270762
v -0.577701 0.265106 0.270762
v -0.580181 0.264754 0.270762
v -0.582592 0.264174 0.270762
v -0.584904 0.263382 0.270762
v -0.587090 0.262397 0.270762
v -0.589132 0.261241 0.270762
v -0.591080 0.259891 0.270762
v -0.592928 0.258337 0.270762
v -0.594644 0.256591 0.270762
v -0.596199 0.254669 0.270762
v -0.597566 0.252594 0.270762
v -0.598724 0.250393 0.270762
v -0.599655 0.248099 0.270762
v -0.600351 0.245745 0.270762
v -0.600808 0.243366 0.270762
v -0.601031 0.240994 0.270762
v -0.601057 0.239745 0.270762
v -0.601022 0.238512 0.270762
v -0.601022 0.238512 0.281987
v -0.601038 0.240840 0.281987
v -0.600830 0.243210 0.281987
v -0.600388 0.245590 0.281987
v -0.599708 0.247947 0.281987
v -0.598792 0.250246 0.281987
v -0.597649 0.252454 0.281987
v -0.596294 0.254538 0.281987
v -0.594751 0.256471 0.281987
v -0.593044 0.258229 0.281987
v -0.591204 0.259796 0.281987
v -0.589261 0.261159 0.281987
v -0.587227 0.262326 0.281987
v -0.585051 0.263323 0.281987
v -0.582746 0.264129 0.281987
v -0.580341 0.264723 0.281987
v -0.577865 0.265090 0.281987
v -0.575351 0.265219 0.281987
v -0.572837 0.265106 0.281987
v -0.570357 0.264754 0.281987
v -0.567946 0.264174 0.281987
v -0.565634 0.263382 0.281987
v -0.563449 0.262397 0.281987
v -0.561407 0.261241 0.281987
v -0.559459 0.259891 0.281987
v -0.557611 0.258337 0.281987
v -0.555894 0.256591 0.281987
v -0.554339 0.254669 0.281987
v -0.552972 0.252594 0.281987
v -0.551815 0.250393 0.281987
v -0.550883 0.248099 0.281987
v -0.550188 0.245745 0.281987
v -0.549730 0.243366 0.281987
v -0.549507 0.240994 0.281987
v -0.549481 0.239745 0.281987
v -0.601022 -0.315072 0.270762
v -0.601038 -0.317401 0.270762
v -0.600830 -0.319770 0.270762
v -0.600388 -0.322151 0.270762
v -0.599708 -0.324507 0.270762
v -0.598792 -0.326806 0.270762
v -0.597649 -0.329014 0.270762
v -0.596294 -0.331098 0.270762
v -0.594751 -0.333031 0.270762
v -0.593044 -0.334789 0.270762
v -0.591204 -0.336356 0.270762
v -0.589261 -0.337720 0.270762
v -0.587227 -0.338886 0.270762
v -0.585051 -0.339883 0.270762
v -0.582747 -0.340689 0.270762
v -0.580341 -0.341284 0.270762
v -0.577865 -0.341650 0.270762
v -0.575351 -0.341779 0.270762
v -0.572837 -0.341666 0.270762
v -0.570357 -0.341315 0.270762
v -0.567946 -0.340735 0.270762
v -0.565634 -0.339942 0.270762
v -0.563449 -0.338957 0.270762
v -0.561407 -0.337801 0.270762
v -0.559459 -0.336451 0.270762
v -0.557611 -0.334898 0.270762
v -0.555894 -0.333151 0.270762
v -0.554339 -0.331229 0.270762
v -0.552972 -0.329154 0.270762
v -0.551815 -0.326954 0.270762
v -0.550883 -0.324659 0.270762
v -0.550188 -0.322305 0.270762
v -0.549730 -0.319926 0.270762
v -0.549507 -0.317554 0.270762
v -0.549481 -0.316305 0.270762
v -0.549517 -0.315072 0.270762
v -0.552932 -0.241462 0.270762
v -0.555300 -0.167792 0.270762
v -0.556619 -0.094125 0.270762
v -0.556889 -0.020450 0.270762
v -0.555960 0.061402 0.270762
v -0.553738 0.143225 0.270762
v -0.551846 0.190883 0.270762
v -0.549517 0.238512 0.270762
v -0.549501 0.240840 0.270762
v -0.549709 0.243210 0.270762
v -0.550151 0.245590 0.270762
v -0.550831 0.247947 0.270762
v -0.551747 0.250246 0.270762
v -0.552890 0.252454 0.270762
v -0.554244 0.254538 0.270762
v -0.555788 0.256471 0.270762
v -0.557495 0.258229 0.270762
v -0.559335 0.259796 0.270762
v -0.561277 0.261159 0.270762
v -0.563311 0.262326 0.270762
v -0.565488 0.263323 0.270762
v -0.567792 0.264129 0.270762
v -0.570198 0.264723 0.270762
v -0.572674 0.265090 0.270762
v -0.575187 0.265219 0.270762
v -0.577701 0.265106 0.270762
v -0.580181 0.264754 0.270762
v -0.582592 0.264174 0.270762
v -0.584904 0.263382 0.270762
v -0.587090 0.262397 0.270762
v -0.589132 0.261241 0.270762
v -0.591080 0.259891 0.270762
v -0.592928 0.258337 0.270762
v -0.594644 0.256591 0.270762
v -0.596199 0.254669 0.270762
v -0.597566 0.252594 0.270762
v -0.598724 0.250393 0.270762
v -0.599655 0.248099 0.270762
v -0.600351 0.245745 0.270762
v -0.600808 0.243366 0.270762
v -0.601031 0.240994 0.270762
v -0.601057 0.239745 0.270762
v -0.601022 0.238512 0.270762
v -0.597607 0.164902 0.270762
v -0.595239 0.091232 0.270762
v -0.593920 0.017565 0.270762
v -0.593649 -0.056111 0.270762
v -0.594578 -0.137963 0.270762
v -0.596801 -0.219786 0.270762
v -0.598692 -0.267443 0.270762
v -0.005943 -0.267617 -0.244100
v -0.005943 -0.267949 -0.235143
v -0.005943 -0.269148 -0.226139
v -0.005943 -0.271226 -0.217214
v -0.005943 -0.274171 -0.208496
v -0.005943 -0.277945 -0.200111
v -0.005943 -0.282489 -0.192173
v -0.005943 -0.287019 -0.185691
v -0.005943 -0.292009 -0.179681
v 0.005959 -0.292009 -0.179681
v 0.005959 -0.286325 -0.186612
v 0.005959 -0.281260 -0.194151
v 0.005959 -0.276906 -0.202214
v 0.005959 -0.273338 -0.210696
v 0.005959 -0.270612 -0.219478
v 0.005959 -0.268758 -0.228435
v 0.005959 -0.267859 -0.236291
v 0.005959 -0.267617 -0.244100
v 0.005959 -0.292009 -0.179681
v -0.005943 -0.292009 -0.179681
v 0.005959 -0.292009 -0.052796
v 0.005959 -0.297743 -0.059794
v 0.005959 -0.302935 -0.067560
v 0.005959 -0.307032 -0.075160
v 0.005959 -0.310169 -0.082441
v 0.005959 -0.312721 -0.090080
v 0.005959 -0.314634 -0.098003
v 0.005959 -0.315865 -0.106130
v 0.005959 -0.316388 -0.114371
v 0.005959 -0.316190 -0.122634
v 0.005959 -0.315276 -0.130823
v 0.005959 -0.313667 -0.138849
v 0.005959 -0.311398 -0.146626
v 0.005959 -0.308518 -0.154076
v 0.005959 -0.305085 -0.161136
v 0.005959 -0.301168 -0.167752
v 0.005959 -0.296836 -0.173886
v 0.005959 -0.294463 -0.176853
v -0.005943 -0.292009 -0.052796
v -0.005943 -0.297743 -0.172684
v -0.005943 -0.302935 -0.164917
v -0.005943 -0.307032 -0.157317
v -0.005943 -0.310169 -0.150036
v -0.005943 -0.312721 -0.142398
v -0.005943 -0.314634 -0.134474
v -0.005943 -0.315865 -0.126348
v -0.005943 -0.316388 -0.118106
v -0.005943 -0.316190 -0.109844
v -0.005943 -0.315276 -0.101654
v -0.005943 -0.313667 -0.093628
v -0.005943 -0.311398 -0.085852
v -0.005943 -0.308518 -0.078401
v -0.005943 -0.305085 -0.071341
v -0.005943 -0.301168 -0.064725
v -0.005943 -0.296836 -0.058592
v -0.005943 -0.294463 -0.055625
v -0.005943 -0.292009 -0.052796
v -0.005943 -0.286275 -0.045798
v -0.005943 -0.281083 -0.038032
v -0.005943 -0.276987 -0.030432
v -0.005943 -0.273849 -0.023150
v -0.005943 -0.271297 -0.015512
v -0.005943 -0.269385 -0.007589
v -0.005943 -0.268153 0.000538
v -0.005943 -0.267631 0.008779
v -0.005943 -0.267828 0.017042
v -0.005943 -0.268742 0.025232
v -0.005943 -0.270351 0.033257
v -0.005943 -0.272620 0.041034
v -0.005943 -0.275501 0.048485
v -0.005943 -0.278933 0.055544
v -0.005943 -0.282851 0.062161
v -0.005943 -0.287183 0.068294
v -0.005943 -0.289556 0.071261
v -0.005943 -0.292009 0.074090
v 0.005959 -0.292009 0.074090
v 0.005959 -0.286275 0.067092
v 0.005959 -0.281083 0.059326
v 0.005959 -0.276987 0.051725
v 0.005959 -0.273849 0.044444
v 0.005959 -0.271297 0.036806
v 0.005959 -0.269385 0.028883
v 0.005959 -0.268153 0.020756
v 0.005959 -0.267631 0.012515
v 0.005959 -0.267828 0.004252
v 0.005959 -0.268742 -0.003938
v 0.005959 -0.270351 -0.011964
v 0.005959 -0.272620 -0.019740
v 0.005959 -0.275501 -0.027191
v 0.005959 -0.278933 -0.034251
v 0.005959 -0.282851 -0.040867
v 0.005959 -0.287183 -0.047000
v 0.005959 -0.289556 -0.049967
v 0.005959 -0.292009 -0.052796
v 0.005959 -0.292009 0.074090
v -0.005943 -0.292009 0.074090
v 0.005959 -0.292009 0.200975
v 0.005959 -0.297743 0.193977
v 0.005959 -0.302935 0.186211
v 0.005959 -0.307032 0.178611
v 0.005959 -0.310169 0.171330
v 0.005959 -0.312721 0.163691
v 0.005959 -0.314634 0.155768
v 0.005959 -0.315865 0.147641
v 0.005959 -0.316388 0.139400
v 0.005959 -0.316190 0.131137
v 0.005959 -0.315276 0.122948
v 0.005959 -0.313667 0.114922
v 0.005959 -0.311398 0.107145
v 0.005959 -0.308518 0.099695
v 0.005959 -0.305085 0.092635
v 0.005959 -0.301167 0.086019
v 0.005959 -0.296836 0.079885
v 0.005959 -0.294463 0.076918
v -0.005943 -0.292009 0.200975
v -0.005943 -0.297743 0.081087
v -0.005943 -0.302935 0.088854
v -0.005943 -0.307032 0.096454
v -0.005943 -0.310169 0.103735
v -0.005943 -0.312721 0.111373
v -0.005943 -0.314634 0.119297
v -0.005943 -0.315865 0.127423
v -0.005943 -0.316388 0.135665
v -0.005943 -0.316190 0.143927
v -0.005943 -0.315276 0.152117
v -0.005943 -0.313667 0.160143
v -0.005943 -0.311398 0.167919
v -0.005943 -0.308518 0.175370
v -0.005943 -0.305085 0.182430
v -0.005943 -0.301167 0.189046
v -0.005943 -0.296836 0.195180
v -0.005943 -0.294463 0.198146
v -0.005943 -0.292009 0.200975
v -0.005943 -0.286325 0.207906
v -0.005943 -0.281260 0.215445
v -0.005943 -0.276906 0.223508
v -0.005943 -0.273338 0.231989
v -0.005943 -0.270612 0.240772
v -0.005943 -0.268758 0.249729
v -0.005943 -0.267859 0.257585
v -0.005943 -0.267617 0.265394
v 0.005959 -0.267617 0.265394
v 0.005959 -0.267949 0.256436
v 0.005959 -0.269148 0.247432
v 0.005959 -0.271226 0.238507
v 0.005959 -0.274171 0.229790
v 0.005959 -0.277945 0.221405
v 0.005959 -0.282489 0.213467
v 0.005959 -0.287018 0.206985
v 0.005959 -0.292009 0.200975
v -0.005943 -0.364517 0.231791
v -0.005943 -0.364517 -0.210497
v -0.005943 -0.330920 -0.244100
v -0.005943 -0.267617 -0.244100
v -0.005943 -0.267949 -0.235143
v -0.005943 -0.269148 -0.226139
v -0.005943 -0.271226 -0.217214
v -0.005943 -0.274171 -0.208496
v -0.005943 -0.277945 -0.200111
v -0.005943 -0.282489 -0.192173
v -0.005943 -0.287019 -0.185691
v -0.005943 -0.292009 -0.179681
v -0.005943 -0.297743 -0.172684
v -0.005943 -0.302935 -0.164917
v -0.005943 -0.307032 -0.157317
v -0.005943 -0.310169 -0.150036
v -0.005943 -0.312721 -0.142398
v -0.005943 -0.314634 -0.134474
v -0.005943 -0.315865 -0.126348
v -0.005943 -0.316388 -0.118106
v -0.005943 -0.316190 -0.109844
v -0.005943 -0.315276 -0.101654
v -0.005943 -0.313667 -0.093628
v -0.005943 -0.311398 -0.085852
v -0.005943 -0.308518 -0.078401
v -0.005943 -0.305085 -0.071341
v -0.005943 -0.301168 -0.064725
v -0.005943 -0.296836 -0.058592
v -0.005943 -0.294463 -0.055625
v -0.005943 -0.292009 -0.052796
v -0.005943 -0.286275 -0.045798
v -0.005943 -0.281083 -0.038032
v -0.005943 -0.276987 -0.030432
v -0.005943 -0.273849 -0.023150
v -0.005943 -0.271297 -0.015512
v -0.005943 -0.269385 -0.007589
v -0.005943 -0.268153 0.000538
v -0.005943 -0.267631 0.008779
v -0.005943 -0.267828 0.017042
v -0.005943 -0.268742 0.025232
v -0.005943 -0.270351 0.033257
v -0.005943 -0.272620 0.041034
v -0.005943 -0.275501 0.048485
v -0.005943 -0.278933 0.055544
v -0.005943 -0.282851 0.062161
v -0.005943 -0.287183 0.068294
v -0.005943 -0.289556 0.071261
v -0.005943 -0.292009 0.074090
v -0.005943 -0.297743 0.081087
v -0.005943 -0.302935 0.088854
v -0.005943 -0.307032 0.096454
v -0.005943 -0.310169 0.103735
v -0.005943 -0.312721 0.111373
v -0.005943 -0.314634 0.119297
v -0.005943 -0.315865 0.127423
v -0.005943 -0.316388 0.135665
v -0.005943 -0.316190 0.143927
v -0.005943 -0.315276 0.152117
v -0.005943 -0.313667 0.160143
v -0.005943 -0.311398 0.167919
v -0.005943 -0.308518 0.175370
v -0.005943 -0.305085 0.182430
v -0.005943 -0.301167 0.189046
v -0.005943 -0.296836 0.195180
v -0.005943 -0.294463 0.198146
v -0.005943 -0.292009 0.200975
v -0.005943 -0.286325 0.207906
v -0.005943 -0.281260 0.215445
v -0.005943 -0.276906 0.223508
v -0.005943 -0.273338 0.231989
v -0.005943 -0.270612 0.240772
v -0.005943 -0.268758 0.249729
v -0.005943 -0.267859 0.257585
v -0.005943 -0.267617 0.265394
v -0.005943 -0.330920 0.265394
v 0.005959 -0.330920 0.265394
v 0.005959 -0.267617 0.265394
v 0.005959 -0.364517 0.231791
v 0.005959 -0.364517 -0.210497
v 0.005959 -0.330920 -0.244100
v 0.005959 -0.267617 -0.244100
v 0.005959 -0.292009 -0.179681
v 0.005959 -0.286325 -0.186612
v 0.005959 -0.281260 -0.194151
v 0.005959 -0.276906 -0.202214
v 0.005959 -0.273338 -0.210696
v 0.005959 -0.270612 -0.219478
v 0.005959 -0.268758 -0.228435
v 0.005959 -0.267859 -0.236291
v 0.005959 -0.292009 -0.052796
v 0.005959 -0.297743 -0.059794
v 0.005959 -0.302935 -0.067560
v 0.005959 -0.307032 -0.075160
v 0.005959 -0.310169 -0.082441
v 0.005959 -0.312721 -0.090080
v 0.005959 -0.314634 -0.098003
v 0.005959 -0.315865 -0.106130
v 0.005959 -0.316388 -0.114371
v 0.005959 -0.316190 -0.122634
v 0.005959 -0.315276 -0.130823
v 0.005959 -0.313667 -0.138849
v 0.005959 -0.311398 -0.146626
v 0.005959 -0.308518 -0.154076
v 0.005959 -0.305085 -0.161136
v 0.005959 -0.301168 -0.167752
v 0.005959 -0.296836 -0.173886
v 0.005959 -0.294463 -0.176853
v 0.005959 -0.292009 0.074090
v 0.005959 -0.286275 0.067092
v 0.005959 -0.281083 0.059326
v 0.005959 -0.276987 0.051725
v 0.005959 -0.273849 0.044444
v 0.005959 -0.271297 0.036806
v 0.005959 -0.269385 0.028883
v 0.005959 -0.268153 0.020756
v 0.005959 -0.267631 0.012515
v 0.005959 -0.267828 0.004252
v 0.005959 -0.268742 -0.003938
v 0.005959 -0.270351 -0.011964
v 0.005959 -0.272620 -0.019740
v 0.005959 -0.275501 -0.027191
v 0.005959 -0.278933 -0.034251
v 0.005959 -0.282851 -0.040867
v 0.005959 -0.287183 -0.047000
v 0.005959 -0.289556 -0.049967
v 0.005959 -0.292009 0.200975
v 0.005959 -0.297743 0.193977
v 0.005959 -0.302935 0.186211
v 0.005959 -0.307032 0.178611
v 0.005959 -0.310169 0.171330
v 0.005959 -0.312721 0.163691
v 0.005959 -0.314634 0.155768
v 0.005959 -0.315865 0.147641
v 0.005959 -0.316388 0.139400
v 0.005959 -0.316190 0.131137
v 0.005959 -0.315276 0.122948
v 0.005959 -0.313667 0.114922
v 0.005959 -0.311398 0.107145
v 0.005959 -0.308518 0.099695
v 0.005959 -0.305085 0.092635
v 0.005959 -0.301167 0.086019
v 0.005959 -0.296836 0.079885
v 0.005959 -0.294463 0.076918
v 0.005959 -0.267949 0.256436
v 0.005959 -0.269148 0.247432
v 0.005959 -0.271226 0.238507
v 0.005959 -0.274171 0.229790
v 0.005959 -0.277945 0.221405
v 0.005959 -0.282489 0.213467
v 0.005959 -0.287018 0.206985
v 0.005959 -0.364517 -0.210497
v 0.005959 -0.364517 0.231791
v 0.200312 -0.364517 0.231791
v 0.200312 -0.364517 -0.210497
v -0.005943 -0.364517 0.231791
v -0.005943 -0.364517 -0.210497
v -0.200295 -0.364517 -0.210497
v -0.200295 -0.364517 0.231791
v -0.669992 -0.379838 -0.260693
v 0.670008 -0.379838 -0.260693
v -0.669992 -0.379838 0.281987
v 0.670008 -0.379838 0.281987
vn -0.0000 -0.0000 1.0000
vn -0.0000 1.0000 -0.0000
vn -0.0000 -0.0000 -1.0000
vn -0.0000 -1.0000 -0.0000
vn 1.0000 -0.0000 -0.0000
vn 1.0000 -0.0000 -0.0007
vn 1.0000 -0.0003 0.0002
vn 1.0000 -0.0000 -0.0002
vn 1.0000 -0.0000 0.0001
vn 1.0000 -0.0000 -0.0001
vn 1.0000 -0.0000 0.0002
vn 1.0000 -0.0000 -0.0004
vn 1.0000 0.0003 -0.0000
vn 1.0000 -0.0000 -0.0029
vn 1.0000 -0.0000 0.0009
vn 1.0000 -0.0000 -0.0009
vn 1.0000 -0.0000 0.0011
vn 1.0000 -0.0000 -0.0005
vn 1.0000 -0.0000 -0.0003
vn 1.0000 -0.0000 0.0005
vn -0.0006 0.9584 -0.2854
vn -0.0000 0.9611 -0.2762
vn -0.0003 0.9539 -0.3000
vn -0.0006 0.9416 -0.3367
vn -0.0001 0.9267 -0.3757
vn -0.0004 0.9081 -0.4187
vn -0.0002 0.8932 -0.4497
vn -0.0003 0.8614 -0.5079
vn -0.0000 0.8616 -0.5076
vn -0.0000 0.8240 -0.5666
vn -0.0002 0.8062 -0.5916
vn 0.0001 0.7736 -0.6337
vn -0.0001 0.7528 -0.6582
vn 0.0002 0.7186 -0.6954
vn -0.0001 0.6958 -0.7182
vn 0.0001 0.6585 -0.7526
vn -0.0001 0.6338 -0.7735
vn 0.0002 0.5936 -0.8048
vn -0.0002 0.5673 -0.8235
vn 0.0002 0.5248 -0.8512
vn -0.0002 0.4970 -0.8677
vn 0.0002 0.4526 -0.8917
vn -0.0002 0.4237 -0.9058
vn 0.0002 0.3748 -0.9271
vn -0.0000 0.3463 -0.9381
vn 0.0003 0.2802 -0.9600
vn -0.0000 0.2802 -0.9599
vn 0.0002 0.2158 -0.9764
vn 0.0004 0.1822 -0.9833
vn 0.0001 0.1359 -0.9907
vn 0.0006 0.0945 -0.9955
vn 0.0003 0.0558 -0.9984
vn 0.0006 0.0406 -0.9992
vn -0.0000 0.0310 -0.9995
vn -0.0000 0.9976 -0.0691
vn -0.0000 0.9991 -0.0414
vn -0.0000 0.9953 -0.0967
vn -0.0000 0.9863 -0.1652
vn -0.0000 0.9786 -0.2059
vn -0.0000 0.9863 0.1652
vn -0.0000 0.9953 0.0967
vn -0.0000 0.9786 0.2059
vn -0.0000 0.9976 0.0691
vn -0.0000 0.9991 0.0414
vn -0.0006 0.0405 0.9992
vn -0.0000 0.0310 0.9995
vn -0.0003 0.0559 0.9984
vn -0.0006 0.0944 0.9955
vn -0.0001 0.1360 0.9907
vn -0.0004 0.1821 0.9833
vn -0.0002 0.2159 0.9764
vn -0.0003 0.2802 0.9600
vn -0.0000 0.2802 0.9599
vn -0.0000 0.3462 0.9382
vn -0.0002 0.3749 0.9271
vn 0.0002 0.4237 0.9058
vn -0.0001 0.4526 0.8917
vn 0.0002 0.4970 0.8677
vn -0.0001 0.5248 0.8512
vn 0.0002 0.5672 0.8236
vn -0.0002 0.5937 0.8047
vn 0.0002 0.6338 0.7735
vn -0.0002 0.6585 0.7526
vn 0.0002 0.6958 0.7182
vn -0.0002 0.7187 0.6954
vn 0.0002 0.7528 0.6582
vn -0.0002 0.7736 0.6337
vn 0.0002 0.8062 0.5916
vn -0.0000 0.8240 0.5666
vn 0.0003 0.8614 0.5079
vn -0.0000 0.8614 0.5079
vn 0.0001 0.8932 0.4497
vn 0.0004 0.9081 0.4187
vn 0.0001 0.9267 0.3757
vn 0.0006 0.9416 0.3366
vn 0.0003 0.9539 0.3000
vn 0.0006 0.9584 0.2853
vn -0.0000 0.9611 0.2762
vn -1.0000 -0.0000 -0.0000
vn -1.0000 -0.0000 0.0024
vn -1.0000 -0.0000 0.0002
vn -1.0000 -0.0000 -0.0005
vn -1.0000 -0.0000 0.0021
vn -1.0000 -0.0000 -0.0006
vn -1.0000 -0.0000 -0.0021
vn -1.0000 -0.0000 0.0003
vn -1.0000 -0.0000 -0.0002
vn -1.0000 -0.0000 -0.0001
vn -1.0000 -0.0000 -0.0003
vn -1.0000 -0.0000 -0.0007
vn -1.0000 -0.0000 0.0005
vn -1.0000 -0.0000 0.0001
vn -1.0000 -0.0000 0.0004
vn -1.0000 -0.0000 0.0009
vn -1.0000 -0.0000 -0.0029
vn -1.0000 0.0019 -0.0000
vn -1.0000 -0.0026 -0.0000
vn -1.0000 -0.0003 -0.0001
vn -1.0000 -0.0000 -0.0004
vn -1.0000 -0.0000 0.0027
vn -1.0000 -0.0000 -0.0035
vn 0.0003 0.9539 -0.3000
vn 0.0006 0.9584 -0.2854
vn 0.0006 0.9416 -0.3367
vn 0.0001 0.9267 -0.3758
vn 0.0004 0.9081 -0.4187
vn 0.0002 0.8932 -0.4497
vn 0.0003 0.8614 -0.5079
vn -0.0000 0.8614 -0.5080
vn 0.0002 0.8062 -0.5916
vn -0.0002 0.7736 -0.6337
vn 0.0002 0.7528 -0.6582
vn -0.0002 0.7186 -0.6954
vn 0.0002 0.6958 -0.7182
vn -0.0002 0.6585 -0.7526
vn 0.0002 0.6338 -0.7735
vn -0.0002 0.5936 -0.8048
vn 0.0002 0.5673 -0.8235
vn -0.0002 0.5248 -0.8512
vn 0.0002 0.4970 -0.8677
vn -0.0002 0.4526 -0.8917
vn 0.0002 0.4237 -0.9058
vn -0.0002 0.3748 -0.9271
vn -0.0003 0.2802 -0.9600
vn -0.0002 0.2158 -0.9764
vn -0.0004 0.1822 -0.9833
vn -0.0001 0.1359 -0.9907
vn -0.0006 0.0944 -0.9955
vn -0.0003 0.0557 -0.9984
vn -0.0006 0.0406 -0.9992
vn -0.0000 0.9966 -0.0829
vn -0.0000 0.9885 -0.1515
vn -0.0000 0.9839 -0.1788
vn 0.0003 0.0559 0.9984
vn 0.0006 0.0405 0.9992
vn 0.0006 0.0944 0.9955
vn 0.0001 0.1360 0.9907
vn 0.0004 0.1821 0.9833
vn 0.0001 0.2159 0.9764
vn 0.0003 0.2801 0.9600
vn 0.0002 0.3749 0.9271
vn -0.0002 0.4238 0.9058
vn 0.0001 0.4526 0.8917
vn -0.0002 0.4970 0.8677
vn 0.0001 0.5248 0.8512
vn -0.0002 0.5673 0.8235
vn 0.0002 0.5937 0.8047
vn -0.0002 0.6338 0.7735
vn 0.0002 0.6585 0.7526
vn -0.0002 0.6958 0.7182
vn 0.0002 0.7187 0.6954
vn -0.0002 0.7528 0.6583
vn 0.0002 0.7736 0.6337
vn -0.0002 0.8062 0.5916
vn -0.0003 0.8614 0.5079
vn -0.0000 0.8613 0.5080
vn -0.0001 0.8932 0.4497
vn -0.0004 0.9081 0.4187
vn -0.0001 0.9267 0.3757
vn -0.0006 0.9416 0.3366
vn -0.0003 0.9539 0.3000
vn -0.0006 0.9584 0.2853
vn -0.0000 0.0001 -1.0000
vn -0.0000 -0.0001 -1.0000
vn -0.0000 0.0002 -1.0000
vn -0.0000 0.0001 1.0000
vn 0.9989 0.0463 -0.0000
vn 0.9992 0.0392 -0.0000
vn 0.9996 0.0273 -0.0000
vn 0.9997 0.0227 -0.0000
vn 0.9999 0.0108 -0.0000
vn 1.0000 -0.0038 -0.0000
vn 0.9998 -0.0192 -0.0000
vn 0.9995 -0.0318 -0.0000
vn 0.9991 -0.0428 -0.0000
vn 0.9990 -0.0457 -0.0000
vn 0.9988 -0.0489 -0.0000
vn -0.9998 -0.0223 -0.0000
vn -1.0000 -0.0010 -0.0000
vn -0.9998 0.0196 -0.0000
vn -0.9976 0.0686 -0.0000
vn -0.9958 0.0919 -0.0000
vn -0.9902 0.1396 -0.0000
vn -0.9861 0.1660 -0.0000
vn -0.9756 0.2197 -0.0000
vn -0.9693 0.2461 -0.0000
vn -0.9542 0.2992 -0.0000
vn -0.9457 0.3251 -0.0000
vn -0.9262 0.3771 -0.0000
vn -0.9155 0.4023 -0.0000
vn -0.8917 0.4526 -0.0000
vn -0.8790 0.4769 -0.0000
vn -0.8512 0.5248 -0.0000
vn -0.8365 0.5480 -0.0000
vn -0.8050 0.5932 -0.0000
vn -0.7885 0.6150 -0.0000
vn -0.7538 0.6571 -0.0000
vn -0.7358 0.6772 -0.0000
vn -0.6983 0.7158 -0.0000
vn -0.6789 0.7342 -0.0000
vn -0.6391 0.7692 -0.0000
vn -0.6185 0.7858 -0.0000
vn -0.5769 0.8168 -0.0000
vn -0.5555 0.8315 -0.0000
vn -0.5119 0.8590 -0.0000
vn -0.4896 0.8719 -0.0000
vn -0.4442 0.8959 -0.0000
vn -0.4208 0.9072 -0.0000
vn -0.3734 0.9277 -0.0000
vn -0.3486 0.9373 -0.0000
vn -0.2992 0.9542 -0.0000
vn -0.2735 0.9619 -0.0000
vn -0.2224 0.9750 -0.0000
vn -0.1958 0.9806 -0.0000
vn -0.1434 0.9897 -0.0000
vn -0.1163 0.9932 -0.0000
vn -0.0632 0.9980 -0.0000
vn -0.0358 0.9994 -0.0000
vn 0.0177 0.9998 -0.0000
vn 0.0451 0.9990 -0.0000
vn 0.0984 0.9951 -0.0000
vn 0.1256 0.9921 -0.0000
vn 0.1781 0.9840 -0.0000
vn 0.2049 0.9788 -0.0000
vn 0.2563 0.9666 -0.0000
vn 0.2822 0.9593 -0.0000
vn 0.3321 0.9432 -0.0000
vn 0.3570 0.9341 -0.0000
vn 0.4049 0.9143 -0.0000
vn 0.4287 0.9034 -0.0000
vn 0.4745 0.8803 -0.0000
vn 0.4970 0.8678 -0.0000
vn 0.5411 0.8410 -0.0000
vn 0.5626 0.8267 -0.0000
vn 0.6047 0.7965 -0.0000
vn 0.6254 0.7803 -0.0000
vn 0.6754 0.7375 -0.0000
vn 0.7325 0.6807 -0.0000
vn 0.7856 0.6188 -0.0000
vn 0.8338 0.5521 -0.0000
vn 0.8700 0.4931 -0.0000
vn 0.8832 0.4690 -0.0000
vn 0.9079 0.4193 -0.0000
vn 0.9190 0.3942 -0.0000
vn 0.9407 0.3392 -0.0000
vn 0.9501 0.3120 -0.0000
vn 0.9675 0.2528 -0.0000
vn 0.9750 0.2220 -0.0000
vn 0.9897 0.1434 -0.0000
vn 0.9897 0.1433 -0.0000
vn 0.9990 0.0447 -0.0000
vn 1.0000 -0.0049 -0.0000
vn 1.0000 0.0010 -0.0000
vn 0.9998 0.0223 -0.0000
vn 0.9998 -0.0196 -0.0000
vn 0.9976 -0.0686 -0.0000
vn 0.9958 -0.0919 -0.0000
vn 0.9902 -0.1396 -0.0000
vn 0.9861 -0.1660 -0.0000
vn 0.9756 -0.2197 -0.0000
vn 0.9693 -0.2461 -0.0000
vn 0.9542 -0.2992 -0.0000
vn 0.9457 -0.3251 -0.0000
vn 0.9262 -0.3771 -0.0000
vn 0.9155 -0.4023 -0.0000
vn 0.8917 -0.4526 -0.0000
vn 0.8790 -0.4769 -0.0000
vn 0.8512 -0.5248 -0.0000
vn 0.8365 -0.5480 -0.0000
vn 0.8050 -0.5932 -0.0000
vn 0.7885 -0.6150 -0.0000
vn 0.7539 -0.6570 -0.0000
vn 0.7358 -0.6772 -0.0000
vn 0.6983 -0.7158 -0.0000
vn 0.6789 -0.7342 -0.0000
vn 0.6391 -0.7692 -0.0000
vn 0.6185 -0.7858 -0.0000
vn 0.5769 -0.8168 -0.0000
vn 0.5555 -0.8315 -0.0000
vn 0.5119 -0.8590 -0.0000
vn 0.4896 -0.8719 -0.0000
vn 0.4442 -0.8959 -0.0000
vn 0.4208 -0.9072 -0.0000
vn 0.3734 -0.9277 -0.0000
vn 0.3487 -0.9373 -0.0000
vn 0.2992 -0.9542 -0.0000
vn 0.2735 -0.9619 -0.0000
vn 0.2224 -0.9750 -0.0000
vn 0.1959 -0.9806 -0.0000
vn 0.1434 -0.9897 -0.0000
vn 0.1164 -0.9932 -0.0000
vn 0.0632 -0.9980 -0.0000
vn 0.0358 -0.9994 -0.0000
vn -0.0177 -0.9998 -0.0000
vn -0.0451 -0.9990 -0.0000
vn -0.0984 -0.9952 -0.0000
vn -0.1256 -0.9921 -0.0000
vn -0.1782 -0.9840 -0.0000
vn -0.2049 -0.9788 -0.0000
vn -0.2563 -0.9666 -0.0000
vn -0.2822 -0.9593 -0.0000
vn -0.3321 -0.9432 -0.0000
vn -0.3570 -0.9341 -0.0000
vn -0.4049 -0.9143 -0.0000
vn -0.4287 -0.9034 -0.0000
vn -0.4745 -0.8803 -0.0000
vn -0.4970 -0.8678 -0.0000
vn -0.5411 -0.8410 -0.0000
vn -0.5626 -0.8267 -0.0000
vn -0.6047 -0.7965 -0.0000
vn -0.6253 -0.7803 -0.0000
vn -0.6657 -0.7462 -0.0000
vn -0.6853 -0.7283 -0.0000
vn -0.7234 -0.6904 -0.0000
vn -0.7418 -0.6707 -0.0000
vn -0.7771 -0.6293 -0.0000
vn -0.7940 -0.6080 -0.0000
vn -0.8262 -0.5633 -0.0000
vn -0.8413 -0.5405 -0.0000
vn -0.8700 -0.4931 -0.0000
vn -0.8832 -0.4690 -0.0000
vn -0.9079 -0.4193 -0.0000
vn -0.9190 -0.3942 -0.0000
vn -0.9407 -0.3392 -0.0000
vn -0.9501 -0.3120 -0.0000
vn -0.9675 -0.2528 -0.0000
vn -0.9750 -0.2220 -0.0000
vn -0.9872 -0.1595 -0.0000
vn -0.9919 -0.1270 -0.0000
vn -0.9990 -0.0448 -0.0000
vn -0.9990 -0.0447 -0.0000
vn -1.0000 0.0049 -0.0000
vn -0.9989 -0.0463 -0.0000
vn -0.9992 -0.0392 -0.0000
vn -0.9996 -0.0273 -0.0000
vn -0.9997 -0.0227 -0.0000
vn -0.9999 -0.0108 -0.0000
vn -1.0000 0.0038 -0.0000
vn -0.9998 0.0192 -0.0000
vn -0.9995 0.0318 -0.0000
vn -0.9991 0.0428 -0.0000
vn -0.9990 0.0457 -0.0000
vn -0.9988 0.0489 -0.0000
vn -0.0003 -0.0000 -1.0000
vn -0.0005 -0.0002 -1.0000
vn -0.0000 0.0005 -1.0000
vn -0.0000 0.0003 -1.0000
vn -0.0000 -0.0005 -1.0000
vn -0.0000 0.0008 -1.0000
vn 0.0006 -0.0001 -1.0000
vn -0.0008 -0.0000 -1.0000
vn -0.0000 -0.0008 -1.0000
vn -0.0005 0.0002 -1.0000
vn -0.0000 -0.0004 -1.0000
vn -1.0000 0.0091 -0.0000
vn -1.0000 0.0095 -0.0000
vn -0.9692 0.2461 -0.0000
vn -0.8512 0.5249 -0.0000
vn -0.6390 0.7692 -0.0000
vn -0.4207 0.9072 -0.0000
vn 0.1255 0.9921 -0.0000
vn 0.6657 0.7463 -0.0000
vn 0.6853 0.7283 -0.0000
vn 0.7234 0.6904 -0.0000
vn 0.7418 0.6707 -0.0000
vn 0.7772 0.6293 -0.0000
vn 0.7940 0.6079 -0.0000
vn 0.8262 0.5634 -0.0000
vn 0.8413 0.5405 -0.0000
vn 0.8699 0.4931 -0.0000
vn 0.8832 0.4691 -0.0000
vn 0.9872 0.1596 -0.0000
vn 0.9919 0.1270 -0.0000
vn 0.9982 0.0608 -0.0000
vn 0.9996 0.0286 -0.0000
vn 1.0000 -0.0091 -0.0000
vn 1.0000 -0.0095 -0.0000
vn 0.8854 -0.4648 -0.0000
vn 0.7538 -0.6571 -0.0000
vn 0.6789 -0.7343 -0.0000
vn 0.6391 -0.7691 -0.0000
vn -0.5626 -0.8268 -0.0000
vn -0.6754 -0.7375 -0.0000
vn -0.7325 -0.6808 -0.0000
vn -0.9456 -0.3254 -0.0000
vn -0.9715 -0.2372 -0.0000
vn -0.9897 -0.1433 -0.0000
vn -0.9981 -0.0608 -0.0000
vn -0.9996 -0.0286 -0.0000
vn -0.9995 0.0300 -0.0000
vn -0.9994 0.0339 -0.0000
vn -0.9990 0.0442 -0.0000
vn -0.0003 -0.0001 -1.0000
vn -0.0005 -0.0000 -1.0000
vn 0.0003 -0.0004 -1.0000
vn 0.0003 -0.0000 -1.0000
vn -0.0008 0.0002 -1.0000
vn 1.0000 -0.0000 -0.0011
vn 1.0000 -0.0000 0.0007
vn 1.0000 -0.0000 0.0021
vn 1.0000 -0.0000 -0.0019
vn -0.0000 0.7072 -0.7070
vn -0.0000 0.7072 0.7070
vn -0.2056 -0.9786 -0.0000
vn -0.1615 -0.9869 -0.0000
vn -0.2060 -0.9786 -0.0000
vn -0.2934 -0.9560 -0.0000
vn -0.3792 -0.9253 -0.0000
vn -0.4628 -0.8865 -0.0000
vn -0.5296 -0.8483 -0.0000
vn -0.5558 -0.8313 -0.0000
vn -0.6058 -0.7956 -0.0000
vn -0.6302 -0.7765 -0.0000
vn -0.6759 -0.7370 -0.0000
vn -0.6979 -0.7162 -0.0000
vn -0.7495 -0.6620 -0.0000
vn -0.7783 -0.6279 -0.0000
vn -0.8307 -0.5567 -0.0000
vn -0.8205 -0.5716 -0.0000
vn -0.8404 -0.5420 -0.0000
vn -0.8590 -0.5120 -0.0000
vn -0.8679 -0.4968 -0.0000
vn -0.8891 -0.4577 -0.0000
vn -0.9121 -0.4101 -0.0000
vn -0.9293 -0.3693 -0.0000
vn -0.9356 -0.3531 -0.0000
vn -0.9475 -0.3197 -0.0000
vn -0.9530 -0.3031 -0.0000
vn -0.9631 -0.2690 -0.0000
vn -0.9677 -0.2522 -0.0000
vn -0.9779 -0.2091 -0.0000
vn -0.9876 -0.1570 -0.0000
vn -0.9945 -0.1045 -0.0000
vn -0.9987 -0.0517 -0.0000
vn -1.0000 -0.0052 -0.0000
vn -0.9999 0.0130 -0.0000
vn -0.9987 0.0503 -0.0000
vn -0.9976 0.0695 -0.0000
vn -0.9941 0.1088 -0.0000
vn -0.9918 0.1279 -0.0000
vn -0.9843 0.1763 -0.0000
vn -0.9745 0.2243 -0.0000
vn -0.9700 0.2429 -0.0000
vn -0.9570 0.2900 -0.0000
vn -0.9418 0.3363 -0.0000
vn -0.9351 0.3543 -0.0000
vn -0.9206 0.3905 -0.0000
vn -0.9129 0.4081 -0.0000
vn -0.8964 0.4433 -0.0000
vn -0.8877 0.4604 -0.0000
vn -0.8653 0.5013 -0.0000
vn -0.8359 0.5489 -0.0000
vn -0.8208 0.5713 -0.0000
vn -0.7479 0.6638 -0.0000
vn -0.7774 0.6290 -0.0000
vn -0.7476 0.6642 -0.0000
vn -0.6948 0.7192 -0.0000
vn -0.6723 0.7403 -0.0000
vn -0.6254 0.7803 -0.0000
vn -0.6007 0.7995 -0.0000
vn -0.5501 0.8351 -0.0000
vn -0.5237 0.8519 -0.0000
vn -0.4700 0.8827 -0.0000
vn -0.4421 0.8970 -0.0000
vn -0.3860 0.9225 -0.0000
vn -0.3569 0.9341 -0.0000
vn -0.2694 0.9630 -0.0000
vn -0.2158 0.9764 -0.0000
vn -0.1881 0.9821 -0.0000
vn -0.1327 0.9912 -0.0000
vn -0.1071 0.9942 -0.0000
vn -0.0818 0.9967 -0.0000
vn -0.0818 0.9966 -0.0000
vn 0.0854 0.9964 0.0001
vn 0.1082 0.9941 -0.0000
vn 0.0818 0.9966 -0.0000
vn 0.1407 0.9900 -0.0000
vn 0.1935 0.9811 -0.0000
vn 0.2283 0.9736 -0.0000
vn 0.2783 0.9605 -0.0000
vn 0.3165 0.9486 -0.0000
vn 0.3656 0.9308 -0.0000
vn 0.4029 0.9153 -0.0000
vn 0.4505 0.8928 -0.0000
vn 0.4862 0.8738 -0.0000
vn 0.5317 0.8469 -0.0000
vn 0.5655 0.8247 -0.0000
vn 0.6082 0.7938 -0.0000
vn 0.6397 0.7686 -0.0000
vn 0.6792 0.7340 -0.0000
vn 0.7050 0.7092 -0.0000
vn 0.7427 0.6696 -0.0000
vn 0.7645 0.6447 -0.0000
vn 0.7794 0.6265 -0.0001
vn 0.7817 0.6236 -0.0000
vn 0.8307 0.5567 -0.0000
vn 0.8207 0.5713 -0.0000
vn 0.8205 0.5716 -0.0000
vn 0.8406 0.5416 -0.0000
vn 0.8591 0.5118 -0.0000
vn 0.8689 0.4949 -0.0001
vn 0.8855 0.4647 0.0001
vn 0.8948 0.4464 -0.0002
vn 0.9095 0.4156 -0.0000
vn 0.9186 0.3951 -0.0001
vn 0.9309 0.3652 -0.0000
vn 0.9395 0.3426 -0.0001
vn 0.9495 0.3136 0.0001
vn 0.9574 0.2889 -0.0001
vn 0.9653 0.2611 0.0001
vn 0.9723 0.2339 -0.0002
vn 0.9782 0.2077 0.0001
vn 0.9840 0.1784 -0.0001
vn 0.9881 0.1537 -0.0000
vn 0.9925 0.1222 -0.0001
vn 0.9951 0.0992 -0.0000
vn 0.9979 0.0655 -0.0001
vn 0.9990 0.0443 -0.0000
vn 0.9999 0.0108 -0.0001
vn 0.9999 -0.0108 0.0001
vn 0.9990 -0.0443 -0.0000
vn 0.9979 -0.0655 0.0001
vn 0.9951 -0.0992 -0.0000
vn 0.9925 -0.1222 0.0001
vn 0.9881 -0.1537 -0.0000
vn 0.9840 -0.1784 0.0001
vn 0.9782 -0.2077 -0.0001
vn 0.9723 -0.2339 0.0002
vn 0.9653 -0.2613 -0.0000
vn 0.9574 -0.2889 0.0001
vn 0.9495 -0.3136 -0.0001
vn 0.9395 -0.3426 0.0001
vn 0.9309 -0.3652 -0.0000
vn 0.9186 -0.3952 0.0001
vn 0.9095 -0.4156 -0.0000
vn 0.8949 -0.4464 0.0002
vn 0.8855 -0.4647 -0.0001
vn 0.8689 -0.4950 0.0001
vn 0.8591 -0.5118 -0.0000
vn 0.8406 -0.5416 -0.0000
vn 0.8307 -0.5567 -0.0000
vn 0.8205 -0.5717 -0.0000
vn 0.8205 -0.5716 -0.0000
vn 0.7778 -0.6285 -0.0000
vn 0.7591 -0.6509 -0.0000
vn 0.7783 -0.6279 -0.0000
vn 0.7387 -0.6740 -0.0000
vn 0.6971 -0.7170 -0.0000
vn 0.6740 -0.7387 -0.0000
vn 0.6288 -0.7776 -0.0000
vn 0.6029 -0.7978 -0.0000
vn 0.5542 -0.8324 -0.0000
vn 0.5265 -0.8502 -0.0000
vn 0.4749 -0.8800 -0.0000
vn 0.4457 -0.8952 -0.0000
vn 0.3919 -0.9200 -0.0000
vn 0.3615 -0.9324 -0.0000
vn 0.3062 -0.9520 -0.0000
vn 0.2758 -0.9612 -0.0000
vn 0.2192 -0.9757 -0.0000
vn 0.1890 -0.9820 -0.0000
vn 0.1610 -0.9870 -0.0000
vn 0.1602 -0.9871 -0.0000
vn 0.9991 -0.0416 -0.0000
vn 0.9989 -0.0463 -0.0000
vn 0.9993 -0.0369 -0.0000
vn 0.9996 -0.0273 -0.0000
vn 0.9997 -0.0227 -0.0000
vn 0.9999 -0.0131 -0.0000
vn 1.0000 -0.0085 -0.0000
vn 1.0000 0.0043 -0.0000
vn 0.9999 0.0166 -0.0000
vn 0.9998 0.0218 -0.0000
vn 0.9995 0.0300 -0.0000
vn 0.9994 0.0339 -0.0000
vn 0.9991 0.0428 -0.0000
vn 0.9990 0.0457 -0.0000
vn 0.9988 0.0489 -0.0000
vn 0.9996 -0.0288 -0.0000
vn 0.9999 -0.0119 -0.0000
vn 1.0000 0.0044 -0.0000
vn 0.9984 0.0564 -0.0000
vn 0.9969 0.0782 -0.0000
vn 0.9920 0.1261 -0.0000
vn 0.9876 0.1573 -0.0000
vn 0.9753 0.2211 -0.0000
vn 0.9677 0.2522 -0.0000
vn 0.9491 0.3150 -0.0000
vn 0.9384 0.3456 -0.0000
vn 0.9069 0.4213 -0.0000
vn 0.8611 0.5085 -0.0000
vn 0.8167 0.5770 -0.0000
vn 0.7976 0.6032 -0.0000
vn 0.7465 0.6654 -0.0000
vn 0.6909 0.7230 -0.0000
vn 0.6676 0.7445 -0.0000
vn 0.6199 0.7847 -0.0000
vn 0.5951 0.8036 -0.0000
vn 0.5447 0.8386 -0.0000
vn 0.5188 0.8549 -0.0000
vn 0.4654 0.8851 -0.0000
vn 0.4380 0.8990 -0.0000
vn 0.3823 0.9241 -0.0000
vn 0.3531 0.9356 -0.0000
vn 0.2790 0.9603 -0.0000
vn 0.2030 0.9792 -0.0000
vn 0.2791 0.9603 -0.0000
vn 0.1712 0.9852 -0.0000
vn 0.1088 0.9941 -0.0000
vn 0.0764 0.9971 -0.0000
vn 0.0132 0.9999 -0.0000
vn -0.0194 0.9998 -0.0000
vn -0.0989 0.9951 -0.0000
vn -0.0986 0.9951 -0.0000
vn -0.1934 0.9811 -0.0000
vn -0.2698 0.9629 -0.0000
vn -0.3003 0.9538 -0.0000
vn -0.3733 0.9277 -0.0000
vn -0.3732 0.9277 -0.0000
vn -0.4433 0.8964 -0.0000
vn -0.4707 0.8823 -0.0000
vn -0.5367 0.8438 -0.0000
vn -0.6125 0.7905 -0.0000
vn -0.5370 0.8436 -0.0000
vn -0.6126 0.7904 -0.0000
vn -0.6722 0.7404 -0.0000
vn -0.6954 0.7187 -0.0000
vn -0.7503 0.6610 -0.0000
vn -0.8109 0.5851 -0.0000
vn -0.7507 0.6607 -0.0000
vn -0.8109 0.5852 -0.0000
vn -0.8560 0.5169 -0.0000
vn -0.8724 0.4888 -0.0000
vn -0.9096 0.4155 -0.0000
vn -0.9460 0.3241 -0.0000
vn -0.9459 0.3244 -0.0000
vn -0.9693 0.2460 -0.0000
vn -0.9767 0.2148 -0.0000
vn -0.9885 0.1511 -0.0000
vn -0.9928 0.1198 -0.0000
vn -0.9984 0.0562 -0.0000
vn -0.9997 0.0254 -0.0000
vn -1.0000 -0.0068 -0.0000
vn -0.9991 0.0416 -0.0000
vn -0.9989 0.0463 -0.0000
vn -0.9993 0.0369 -0.0000
vn -0.9996 0.0273 -0.0000
vn -0.9997 0.0227 -0.0000
vn -0.9999 0.0131 -0.0000
vn -1.0000 0.0085 -0.0000
vn -1.0000 -0.0043 -0.0000
vn -0.9999 -0.0166 -0.0000
vn -0.9998 -0.0218 -0.0000
vn -0.9995 -0.0300 -0.0000
vn -0.9994 -0.0339 -0.0000
vn -0.9991 -0.0428 -0.0000
vn -0.9990 -0.0457 -0.0000
vn -0.9988 -0.0489 -0.0000
vn -0.9996 0.0288 -0.0000
vn -0.9999 0.0119 -0.0000
vn -1.0000 -0.0044 -0.0000
vn -0.9984 -0.0563 -0.0000
vn -0.9969 -0.0782 -0.0000
vn -0.9920 -0.1261 -0.0000
vn -0.9876 -0.1573 -0.0000
vn -0.9753 -0.2210 -0.0000
vn -0.9677 -0.2521 -0.0000
vn -0.9491 -0.3150 -0.0000
vn -0.9384 -0.3456 -0.0000
vn -0.9136 -0.4066 -0.0000
vn -0.8999 -0.4361 -0.0000
vn -0.8693 -0.4944 -0.0000
vn -0.8527 -0.5223 -0.0000
vn -0.8167 -0.5770 -0.0000
vn -0.7976 -0.6032 -0.0000
vn -0.7569 -0.6535 -0.0000
vn -0.7355 -0.6775 -0.0000
vn -0.6909 -0.7230 -0.0000
vn -0.6676 -0.7445 -0.0000
vn -0.6199 -0.7847 -0.0000
vn -0.5952 -0.8036 -0.0000
vn -0.5447 -0.8386 -0.0000
vn -0.5188 -0.8549 -0.0000
vn -0.4654 -0.8851 -0.0000
vn -0.4380 -0.8990 -0.0000
vn -0.3823 -0.9241 -0.0000
vn -0.3530 -0.9356 -0.0000
vn -0.2945 -0.9557 -0.0000
vn -0.2638 -0.9646 -0.0000
vn -0.2029 -0.9792 -0.0000
vn -0.1712 -0.9852 -0.0000
vn -0.1088 -0.9941 -0.0000
vn -0.0764 -0.9971 -0.0000
vn -0.0132 -0.9999 -0.0000
vn 0.0194 -0.9998 -0.0000
vn 0.0826 -0.9966 -0.0000
vn 0.1149 -0.9934 -0.0000
vn 0.1774 -0.9841 -0.0000
vn 0.2090 -0.9779 -0.0000
vn 0.2698 -0.9629 -0.0000
vn 0.3003 -0.9538 -0.0000
vn 0.3588 -0.9334 -0.0000
vn 0.3878 -0.9217 -0.0000
vn 0.4570 -0.8895 -0.0000
vn 0.5366 -0.8438 -0.0000
vn 0.6000 -0.8000 -0.0000
vn 0.5369 -0.8436 -0.0000
vn 0.6246 -0.7809 -0.0000
vn 0.6839 -0.7296 -0.0000
vn 0.6840 -0.7295 -0.0000
vn 0.7503 -0.6611 -0.0000
vn 0.8014 -0.5981 -0.0000
vn 0.7507 -0.6607 -0.0000
vn 0.8204 -0.5718 -0.0000
vn 0.8560 -0.5169 -0.0000
vn 0.8724 -0.4888 -0.0000
vn 0.9027 -0.4303 -0.0000
vn 0.9162 -0.4007 -0.0000
vn 0.9406 -0.3396 -0.0000
vn 0.9511 -0.3089 -0.0000
vn 0.9731 -0.2302 -0.0000
vn 0.9908 -0.1355 -0.0000
vn 0.9992 -0.0407 -0.0000
vn 0.9908 -0.1351 -0.0000
vn 0.9992 -0.0408 -0.0000
vn 1.0000 0.0068 -0.0000
vn 0.9989 -0.0473 -0.0064
vn 0.9990 -0.0452 -0.0034
vn 0.9992 -0.0393 -0.0064
vn 0.9995 -0.0319 0.0029
vn 0.9997 -0.0258 -0.0018
vn 0.9998 -0.0188 0.0058
vn 0.9999 -0.0110 -0.0020
vn 1.0000 -0.0040 0.0049
vn 1.0000 0.0040 -0.0049
vn 0.9999 0.0110 0.0020
vn 0.9998 0.0188 -0.0058
vn 0.9997 0.0258 0.0018
vn 0.9995 0.0319 -0.0029
vn 0.9992 0.0393 0.0064
vn 0.9990 0.0452 0.0034
vn 0.9989 0.0473 0.0064
vn 1.0000 -0.0053 0.0011
vn 0.9999 -0.0143 0.0016
vn 0.9993 0.0368 0.0011
vn 0.9971 0.0757 -0.0001
vn 0.9925 0.1218 0.0002
vn 0.9879 0.1552 -0.0002
vn 0.9762 0.2169 0.0002
vn 0.9682 0.2501 -0.0002
vn 0.9504 0.3110 0.0002
vn 0.9391 0.3435 -0.0002
vn 0.9154 0.4027 0.0002
vn 0.9008 0.4342 -0.0002
vn 0.8714 0.4906 0.0002
vn 0.8538 0.5206 -0.0002
vn 0.8191 0.5736 0.0002
vn 0.7989 0.6015 -0.0002
vn 0.7596 0.6503 0.0002
vn 0.7370 0.6759 -0.0002
vn 0.6939 0.7201 0.0002
vn 0.6692 0.7431 -0.0002
vn 0.6230 0.7822 0.0002
vn 0.5967 0.8024 -0.0002
vn 0.5481 0.8364 0.0002
vn 0.5205 0.8539 -0.0002
vn 0.4690 0.8832 0.0002
vn 0.4398 0.8981 -0.0002
vn 0.3859 0.9225 0.0002
vn 0.3550 0.9349 -0.0002
vn 0.2984 0.9545 0.0002
vn 0.2659 0.9640 -0.0002
vn 0.2070 0.9783 0.0002
vn 0.1733 0.9849 -0.0002
vn 0.1129 0.9936 0.0002
vn 0.0785 0.9969 -0.0002
vn 0.0173 0.9999 0.0002
vn -0.0173 0.9999 -0.0002
vn -0.0785 0.9969 0.0002
vn -0.1129 0.9936 -0.0002
vn -0.1733 0.9849 0.0002
vn -0.2070 0.9783 -0.0002
vn -0.2659 0.9640 0.0002
vn -0.2984 0.9545 -0.0002
vn -0.3550 0.9349 0.0002
vn -0.3860 0.9225 -0.0002
vn -0.4398 0.8981 0.0002
vn -0.4690 0.8832 -0.0002
vn -0.5204 0.8539 0.0002
vn -0.5481 0.8364 -0.0002
vn -0.5967 0.8024 0.0002
vn -0.6230 0.7822 -0.0002
vn -0.6692 0.7431 0.0002
vn -0.6939 0.7201 -0.0002
vn -0.7370 0.6759 0.0002
vn -0.7596 0.6504 -0.0002
vn -0.7989 0.6015 0.0002
vn -0.8191 0.5736 -0.0002
vn -0.8538 0.5206 0.0002
vn -0.8714 0.4906 -0.0002
vn -0.9008 0.4342 0.0002
vn -0.9153 0.4027 -0.0002
vn -0.9391 0.3435 0.0002
vn -0.9504 0.3110 -0.0002
vn -0.9682 0.2501 0.0002
vn -0.9762 0.2169 -0.0002
vn -0.9879 0.1552 0.0002
vn -0.9926 0.1218 -0.0002
vn -0.9971 0.0757 0.0001
vn -0.9993 0.0367 -0.0011
vn -1.0000 -0.0052 -0.0011
vn -0.9999 -0.0143 -0.0016
vn -0.9996 -0.0288 -0.0000
vn -0.9989 0.0473 -0.0064
vn -0.9990 0.0452 -0.0034
vn -0.9992 0.0393 -0.0064
vn -0.9995 0.0319 0.0029
vn -0.9997 0.0258 -0.0018
vn -0.9998 0.0188 0.0058
vn -0.9999 0.0110 -0.0020
vn -1.0000 0.0040 0.0049
vn -1.0000 -0.0040 -0.0049
vn -0.9999 -0.0110 0.0020
vn -0.9998 -0.0188 -0.0058
vn -0.9997 -0.0258 0.0018
vn -0.9995 -0.0319 -0.0029
vn -0.9992 -0.0393 0.0064
vn -0.9990 -0.0452 0.0033
vn -0.9989 -0.0473 0.0064
vn -1.0000 0.0053 0.0011
vn -0.9999 0.0143 0.0016
vn -0.9993 -0.0368 0.0011
vn -0.9971 -0.0757 -0.0001
vn -0.9925 -0.1218 0.0002
vn -0.9879 -0.1552 -0.0002
vn -0.9762 -0.2169 0.0002
vn -0.9682 -0.2501 -0.0002
vn -0.9504 -0.3110 0.0002
vn -0.9391 -0.3435 -0.0002
vn -0.9154 -0.4027 0.0002
vn -0.9008 -0.4342 -0.0002
vn -0.8714 -0.4906 0.0002
vn -0.8538 -0.5205 -0.0002
vn -0.8191 -0.5736 0.0002
vn -0.7989 -0.6015 -0.0002
vn -0.7596 -0.6503 0.0002
vn -0.7370 -0.6759 -0.0002
vn -0.6939 -0.7201 0.0002
vn -0.6692 -0.7431 -0.0002
vn -0.6230 -0.7822 0.0002
vn -0.5967 -0.8024 -0.0002
vn -0.5481 -0.8364 0.0002
vn -0.5204 -0.8539 -0.0002
vn -0.4690 -0.8832 0.0002
vn -0.4398 -0.8981 -0.0002
vn -0.3860 -0.9225 0.0002
vn -0.3550 -0.9349 -0.0002
vn -0.2984 -0.9545 0.0002
vn -0.2659 -0.9640 -0.0002
vn -0.2069 -0.9784 0.0002
vn -0.1734 -0.9849 -0.0002
vn -0.1129 -0.9936 0.0002
vn -0.0785 -0.9969 -0.0002
vn -0.0173 -0.9999 0.0002
vn 0.0173 -0.9999 -0.0002
vn 0.0785 -0.9969 0.0002
vn 0.1129 -0.9936 -0.0002
vn 0.1734 -0.9849 0.0002
vn 0.2069 -0.9784 -0.0002
vn 0.2659 -0.9640 0.0002
vn 0.2983 -0.9545 -0.0002
vn 0.3550 -0.9349 0.0002
vn 0.3860 -0.9225 -0.0002
vn 0.4398 -0.8981 0.0002
vn 0.4690 -0.8832 -0.0002
vn 0.5204 -0.8539 0.0002
vn 0.5481 -0.8364 -0.0002
vn 0.5967 -0.8024 0.0002
vn 0.6230 -0.7822 -0.0002
vn 0.6692 -0.7431 0.0002
vn 0.6939 -0.7201 -0.0002
vn 0.7370 -0.6759 0.0002
vn 0.7596 -0.6503 -0.0002
vn 0.7989 -0.6015 0.0002
vn 0.8191 -0.5736 -0.0002
vn 0.8538 -0.5205 0.0002
vn 0.8714 -0.4906 -0.0002
vn 0.9008 -0.4342 0.0002
vn 0.9154 -0.4027 -0.0002
vn 0.9391 -0.3435 0.0002
vn 0.9504 -0.3110 -0.0002
vn 0.9682 -0.2501 0.0002
vn 0.9762 -0.2168 -0.0002
vn 0.9879 -0.1552 0.0002
vn 0.9925 -0.1218 -0.0002
vn 0.9971 -0.0757 0.0001
vn 0.9993 -0.0368 -0.0011
vn 1.0000 0.0053 -0.0011
vn 0.9999 0.0143 -0.0016
vn 0.9996 0.0288 -0.0000
vn 0.0003 0.7874 0.6164
vn -0.0000 0.7693 0.6388
vn 0.0021 0.7714 0.6363
vn 0.0028 0.8080 0.5892
vn -0.0011 0.8408 0.5413
vn 0.0024 0.8601 0.5102
vn -0.0024 0.8874 0.4611
vn 0.0024 0.9053 0.4247
vn -0.0024 0.9278 0.3730
vn 0.0024 0.9422 0.3351
vn -0.0024 0.9596 0.2814
vn 0.0024 0.9702 0.2423
vn -0.0024 0.9823 0.1874
vn 0.0011 0.9885 0.1514
vn -0.0028 0.9956 0.0937
vn -0.0003 0.9982 0.0597
vn -0.0021 0.9994 0.0342
vn -0.0000 0.9995 0.0310
vn -0.0063 -0.7683 -0.6400
vn -0.0000 -0.7554 -0.6552
vn -0.0056 -0.7712 -0.6366
vn -0.0049 -0.8043 -0.5942
vn 0.0015 -0.8051 -0.5931
vn -0.0001 -0.8365 -0.5480
vn -0.0042 -0.8572 -0.5150
vn 0.0013 -0.8806 -0.4738
vn -0.0030 -0.8994 -0.4372
vn 0.0023 -0.9174 -0.3979
vn -0.0024 -0.9338 -0.3577
vn 0.0024 -0.9477 -0.3192
vn -0.0024 -0.9608 -0.2772
vn 0.0025 -0.9715 -0.2371
vn -0.0025 -0.9811 -0.1937
vn 0.0025 -0.9883 -0.1524
vn -0.0025 -0.9941 -0.1080
vn 0.0025 -0.9978 -0.0661
vn -0.0025 -0.9998 -0.0211
vn 0.0026 -0.9998 0.0211
vn -0.0025 -0.9978 0.0661
vn 0.0025 -0.9941 0.1080
vn -0.0025 -0.9883 0.1524
vn 0.0025 -0.9811 0.1937
vn -0.0025 -0.9715 0.2371
vn 0.0024 -0.9608 0.2772
vn -0.0024 -0.9477 0.3192
vn 0.0024 -0.9338 0.3577
vn -0.0023 -0.9174 0.3979
vn 0.0030 -0.8994 0.4372
vn -0.0013 -0.8806 0.4738
vn 0.0042 -0.8572 0.5150
vn 0.0001 -0.8365 0.5480
vn 0.0050 -0.8043 0.5942
vn -0.0015 -0.8051 0.5931
vn 0.0056 -0.7712 0.6366
vn 0.0063 -0.7683 0.6400
vn -0.0000 -0.7554 0.6552
vn 0.0056 0.7711 0.6366
vn -0.0000 0.7554 0.6552
vn 0.0063 0.7683 0.6401
vn 0.0049 0.8043 0.5942
vn -0.0015 0.8051 0.5931
vn 0.0001 0.8365 0.5480
vn 0.0041 0.8572 0.5150
vn -0.0014 0.8806 0.4738
vn 0.0030 0.8993 0.4372
vn -0.0023 0.9174 0.3979
vn 0.0024 0.9338 0.3577
vn -0.0024 0.9477 0.3192
vn 0.0025 0.9608 0.2772
vn -0.0024 0.9715 0.2371
vn 0.0025 0.9811 0.1937
vn -0.0025 0.9883 0.1524
vn 0.0025 0.9941 0.1080
vn -0.0025 0.9978 0.0661
vn 0.0026 0.9998 0.0211
vn -0.0025 0.9998 -0.0211
vn 0.0025 0.9978 -0.0661
vn -0.0025 0.9941 -0.1080
vn 0.0025 0.9883 -0.1524
vn -0.0025 0.9811 -0.1937
vn 0.0024 0.9715 -0.2371
vn -0.0024 0.9608 -0.2772
vn 0.0024 0.9477 -0.3192
vn -0.0024 0.9338 -0.3577
vn 0.0023 0.9174 -0.3979
vn -0.0030 0.8994 -0.4372
vn 0.0013 0.8806 -0.4738
vn -0.0041 0.8572 -0.5150
vn -0.0001 0.8365 -0.5480
vn -0.0049 0.8043 -0.5942
vn 0.0015 0.8051 -0.5931
vn -0.0056 0.7712 -0.6366
vn -0.0063 0.7683 -0.6400
vn -0.0000 0.7554 -0.6552
vn -0.0050 -0.8043 -0.5942
vn -0.0041 -0.8572 -0.5150
vn 0.0025 -0.9998 0.0211
vn -0.0025 -0.9883 0.1525
vn -0.0024 -0.9715 0.2371
vn -0.0023 -0.9175 0.3978
vn 0.0003 0.9982 -0.0597
vn -0.0000 0.9995 -0.0310
vn 0.0021 0.9994 -0.0342
vn 0.0028 0.9956 -0.0937
vn -0.0011 0.9885 -0.1514
vn 0.0024 0.9823 -0.1874
vn -0.0024 0.9702 -0.2423
vn 0.0024 0.9596 -0.2814
vn -0.0024 0.9422 -0.3351
vn 0.0024 0.9278 -0.3730
vn -0.0024 0.9053 -0.4247
vn 0.0024 0.8874 -0.4611
vn -0.0024 0.8601 -0.5102
vn 0.0011 0.8408 -0.5413
vn -0.0028 0.8080 -0.5892
vn -0.0003 0.7874 -0.6164
vn -0.0021 0.7714 -0.6363
vn -0.0000 0.7693 -0.6388
vt 0.301186 0.280703
vt 0.108079 0.969326
vt 0.108079 0.030792
vt 0.908025 0.030792
vt 0.908025 0.969326
vt 0.111999 0.967036
vt 0.111999 0.025728
vt 0.914309 0.025728
vt 0.914309 0.967036
s 1
usemtl points_material_1
f 972/2/2 974/3/2 973/4/2
f 971/5/2 972/2/2 973/4/2
f 978/6/2 977/7/2 975/8/2
f 976/9/2 978/6/2 975/8/2
usemtl material18
f 4/1/1 2/1/1 1/1/1
f 4/1/1 1/1/1 3/1/1
f 6/1/2 7/1/2 5/1/2
f 6/1/2 8/1/2 7/1/2
f 11/1/3 9/1/3 10/1/3
f 11/1/3 12/1/3 9/1/3
f 15/1/4 16/1/4 13/1/4
f 14/1/4 15/1/4 13/1/4
f 19/1/1 17/1/1 18/1/1
f 19/1/1 20/1/1 17/1/1
f 21/1/3 23/1/3 24/1/3
f 21/1/3 24/1/3 22/1/3
f 50/1/5 51/1/6 52/1/5
f 50/1/5 52/1/5 53/1/7
f 50/1/5 53/1/7 54/1/8
f 50/1/5 54/1/8 55/1/5
f 50/1/5 55/1/5 56/1/5
f 50/1/5 56/1/5 57/1/9
f 50/1/5 57/1/9 58/1/10
f 50/1/5 58/1/10 59/1/9
f 50/1/5 59/1/9 60/1/10
f 50/1/5 60/1/10 61/1/11
f 50/1/5 61/1/11 62/1/12
f 63/1/10 50/1/5 62/1/12
f 65/1/13 63/1/10 64/1/5
f 65/1/13 50/1/5 63/1/10
f 66/1/5 50/1/5 65/1/13
f 49/1/5 50/1/5 66/1/5
f 26/1/5 49/1/5 66/1/5
f 68/1/5 47/1/5 48/1/5
f 70/1/5 48/1/5 49/1/5
f 70/1/5 49/1/5 26/1/5
f 70/1/5 68/1/5 48/1/5
f 46/1/5 47/1/5 68/1/5
f 67/1/5 46/1/5 68/1/5
f 45/1/5 46/1/5 67/1/5
f 69/1/5 45/1/5 67/1/5
f 44/1/5 45/1/5 69/1/5
f 27/1/5 28/1/14 29/1/15
f 27/1/5 29/1/15 30/1/16
f 27/1/5 30/1/16 31/1/17
f 27/1/5 31/1/17 32/1/18
f 27/1/5 32/1/18 33/1/9
f 27/1/5 33/1/9 34/1/19
f 27/1/5 34/1/19 35/1/20
f 27/1/5 35/1/20 36/1/18
f 27/1/5 36/1/18 37/1/9
f 27/1/5 37/1/9 38/1/5
f 27/1/5 38/1/5 39/1/9
f 27/1/5 39/1/9 40/1/8
f 27/1/5 40/1/8 41/1/9
f 27/1/5 41/1/9 42/1/11
f 27/1/5 42/1/11 43/1/5
f 27/1/5 43/1/5 44/1/5
f 25/1/5 44/1/5 69/1/5
f 25/1/5 27/1/5 44/1/5
f 26/1/5 25/1/5 69/1/5
f 26/1/5 69/1/5 70/1/5
f 89/1/21 87/1/22 86/1/23
f 90/1/24 86/1/23 85/1/25
f 90/1/24 89/1/21 86/1/23
f 91/1/26 85/1/25 84/1/27
f 91/1/26 90/1/24 85/1/25
f 92/1/28 83/1/29 82/1/30
f 92/1/28 84/1/27 83/1/29
f 92/1/28 91/1/26 84/1/27
f 93/1/31 82/1/30 81/1/32
f 93/1/31 92/1/28 82/1/30
f 94/1/33 81/1/32 80/1/34
f 94/1/33 93/1/31 81/1/32
f 95/1/35 80/1/34 79/1/36
f 95/1/35 94/1/33 80/1/34
f 96/1/37 79/1/36 78/1/38
f 96/1/37 95/1/35 79/1/36
f 97/1/39 78/1/38 77/1/40
f 97/1/39 96/1/37 78/1/38
f 98/1/41 77/1/40 76/1/42
f 98/1/41 97/1/39 77/1/40
f 99/1/43 76/1/42 75/1/44
f 99/1/43 98/1/41 76/1/42
f 100/1/45 75/1/44 74/1/46
f 100/1/45 99/1/43 75/1/44
f 101/1/47 100/1/45 74/1/46
f 102/1/48 74/1/46 73/1/49
f 102/1/48 101/1/47 74/1/46
f 103/1/50 73/1/49 72/1/51
f 103/1/50 102/1/48 73/1/49
f 104/1/52 72/1/51 71/1/53
f 104/1/52 103/1/50 72/1/51
f 88/1/54 104/1/52 71/1/53
f 111/1/55 108/1/56 107/1/57
f 111/1/55 110/1/56 108/1/56
f 112/1/58 106/1/58 105/1/59
f 112/1/58 107/1/57 106/1/58
f 112/1/58 111/1/55 107/1/57
f 109/1/59 112/1/58 105/1/59
f 113/1/2 115/1/2 116/1/2
f 113/1/2 116/1/2 114/1/2
f 123/1/60 119/1/60 118/1/61
f 123/1/60 120/1/62 119/1/60
f 123/1/60 122/1/62 120/1/62
f 124/1/63 118/1/61 117/1/64
f 124/1/63 123/1/60 118/1/61
f 121/1/64 124/1/63 117/1/64
f 143/1/65 141/1/66 140/1/67
f 144/1/68 140/1/67 139/1/69
f 144/1/68 143/1/65 140/1/67
f 145/1/70 139/1/69 138/1/71
f 145/1/70 144/1/68 139/1/69
f 146/1/72 137/1/73 136/1/74
f 146/1/72 138/1/71 137/1/73
f 146/1/72 145/1/70 138/1/71
f 147/1/75 136/1/74 135/1/76
f 147/1/75 146/1/72 136/1/74
f 148/1/77 135/1/76 134/1/78
f 148/1/77 147/1/75 135/1/76
f 149/1/79 134/1/78 133/1/80
f 149/1/79 148/1/77 134/1/78
f 150/1/81 133/1/80 132/1/82
f 150/1/81 149/1/79 133/1/80
f 151/1/83 132/1/82 131/1/84
f 151/1/83 150/1/81 132/1/82
f 152/1/85 131/1/84 130/1/86
f 152/1/85 151/1/83 131/1/84
f 153/1/87 130/1/86 129/1/88
f 153/1/87 152/1/85 130/1/86
f 154/1/89 129/1/88 128/1/90
f 154/1/89 153/1/87 129/1/88
f 155/1/91 154/1/89 128/1/90
f 156/1/92 128/1/90 127/1/93
f 156/1/92 155/1/91 128/1/90
f 157/1/94 127/1/93 126/1/95
f 157/1/94 156/1/92 127/1/93
f 158/1/96 126/1/95 125/1/97
f 158/1/96 157/1/94 126/1/95
f 142/1/98 158/1/96 125/1/97
f 160/1/99 204/1/99 203/1/99
f 175/1/100 176/1/99 159/1/99
f 174/1/101 175/1/100 159/1/99
f 172/1/99 173/1/99 174/1/101
f 171/1/102 172/1/99 174/1/101
f 169/1/99 170/1/103 171/1/102
f 169/1/99 174/1/101 159/1/99
f 169/1/99 171/1/102 174/1/101
f 168/1/99 169/1/99 159/1/99
f 166/1/104 167/1/105 168/1/99
f 166/1/104 168/1/99 159/1/99
f 165/1/106 166/1/104 159/1/99
f 164/1/107 165/1/106 159/1/99
f 163/1/108 164/1/107 159/1/99
f 162/1/99 163/1/108 159/1/99
f 161/1/99 162/1/99 159/1/99
f 179/1/99 159/1/99 160/1/99
f 179/1/99 161/1/99 159/1/99
f 206/1/99 179/1/99 160/1/99
f 178/1/99 179/1/99 206/1/99
f 205/1/99 178/1/99 206/1/99
f 177/1/99 178/1/99 205/1/99
f 208/1/99 177/1/99 205/1/99
f 180/1/99 177/1/99 208/1/99
f 183/1/99 180/1/99 208/1/99
f 183/1/99 208/1/99 207/1/99
f 182/1/99 183/1/99 207/1/99
f 182/1/99 207/1/99 200/1/99
f 184/1/99 182/1/99 200/1/99
f 181/1/99 182/1/99 184/1/99
f 187/1/99 185/1/109 186/1/99
f 197/1/108 198/1/99 199/1/109
f 197/1/108 199/1/109 181/1/99
f 191/1/99 185/1/109 187/1/99
f 191/1/99 187/1/99 188/1/110
f 191/1/99 188/1/110 189/1/110
f 191/1/99 189/1/110 190/1/103
f 192/1/111 185/1/109 191/1/99
f 193/1/112 181/1/99 184/1/99
f 193/1/112 184/1/99 185/1/109
f 193/1/112 197/1/108 181/1/99
f 193/1/112 194/1/99 195/1/99
f 193/1/112 195/1/99 196/1/113
f 193/1/112 196/1/113 197/1/108
f 193/1/112 185/1/109 192/1/111
f 201/1/99 200/1/99 202/1/99
f 202/1/99 200/1/99 203/1/99
f 200/1/99 160/1/99 203/1/99
f 200/1/99 207/1/99 160/1/99
f 207/1/99 206/1/99 160/1/99
f 214/1/2 211/1/2 224/1/2
f 213/1/2 214/1/2 224/1/2
f 217/1/2 215/1/2 216/1/2
f 217/1/2 209/1/2 215/1/2
f 212/1/2 223/1/2 224/1/2
f 212/1/2 224/1/2 211/1/2
f 221/1/2 222/1/2 223/1/2
f 221/1/2 223/1/2 212/1/2
f 218/1/2 219/1/2 220/1/2
f 210/1/2 218/1/2 220/1/2
f 210/1/2 209/1/2 218/1/2
f 218/1/2 209/1/2 217/1/2
f 209/1/2 211/1/2 215/1/2
f 215/1/2 211/1/2 214/1/2
f 212/1/2 210/1/2 221/1/2
f 221/1/2 210/1/2 220/1/2
f 225/1/3 227/1/3 228/1/3
f 225/1/3 228/1/3 226/1/3
f 255/1/99 257/1/114 256/1/115
f 255/1/99 258/1/102 257/1/114
f 255/1/99 259/1/107 258/1/102
f 255/1/99 260/1/106 259/1/107
f 255/1/99 261/1/108 260/1/106
f 255/1/99 262/1/109 261/1/108
f 255/1/99 263/1/108 262/1/109
f 255/1/99 264/1/112 263/1/108
f 255/1/99 265/1/112 264/1/112
f 255/1/99 266/1/99 265/1/112
f 255/1/99 267/1/112 266/1/99
f 255/1/99 268/1/107 267/1/112
f 255/1/99 269/1/101 268/1/107
f 255/1/99 270/1/101 269/1/101
f 255/1/99 252/1/99 270/1/101
f 253/1/99 252/1/99 255/1/99
f 230/1/99 253/1/99 255/1/99
f 271/1/99 251/1/99 254/1/99
f 274/1/99 254/1/99 253/1/99
f 274/1/99 253/1/99 230/1/99
f 274/1/99 271/1/99 254/1/99
f 272/1/99 248/1/99 251/1/99
f 272/1/99 251/1/99 271/1/99
f 249/1/99 248/1/99 272/1/99
f 273/1/99 249/1/99 272/1/99
f 250/1/99 249/1/99 273/1/99
f 235/1/116 234/1/117 233/1/118
f 236/1/99 233/1/118 232/1/99
f 236/1/99 235/1/116 233/1/118
f 237/1/101 236/1/99 232/1/99
f 239/1/99 238/1/105 237/1/101
f 239/1/99 237/1/101 232/1/99
f 240/1/99 239/1/99 232/1/99
f 241/1/112 240/1/99 232/1/99
f 244/1/119 242/1/110 241/1/112
f 244/1/119 243/1/99 242/1/110
f 244/1/119 241/1/112 232/1/99
f 245/1/108 244/1/119 232/1/99
f 247/1/120 246/1/121 245/1/108
f 231/1/112 232/1/99 250/1/99
f 231/1/112 245/1/108 232/1/99
f 231/1/112 247/1/120 245/1/108
f 229/1/99 250/1/99 273/1/99
f 229/1/99 231/1/112 250/1/99
f 230/1/99 229/1/99 274/1/99
f 274/1/99 229/1/99 273/1/99
f 278/1/1 276/1/1 275/1/1
f 278/1/1 275/1/1 277/1/1
f 280/1/2 282/1/2 281/1/2
f 279/1/2 282/1/2 280/1/2
f 284/1/3 283/1/3 285/1/3
f 284/1/3 285/1/3 286/1/3
f 287/1/4 289/1/4 290/1/4
f 287/1/4 290/1/4 288/1/4
f 292/1/1 291/1/1 293/1/1
f 292/1/1 293/1/1 294/1/1
f 310/1/122 311/1/22 312/1/123
f 310/1/122 312/1/123 313/1/124
f 309/1/125 313/1/124 314/1/126
f 309/1/125 310/1/122 313/1/124
f 308/1/127 314/1/126 315/1/128
f 308/1/127 309/1/125 314/1/126
f 307/1/129 308/1/127 315/1/128
f 306/1/30 315/1/128 316/1/130
f 306/1/30 307/1/129 315/1/128
f 305/1/131 316/1/130 317/1/132
f 305/1/131 306/1/30 316/1/130
f 304/1/133 317/1/132 318/1/134
f 304/1/133 305/1/131 317/1/132
f 303/1/135 318/1/134 319/1/136
f 303/1/135 304/1/133 318/1/134
f 302/1/137 319/1/136 320/1/138
f 302/1/137 303/1/135 319/1/136
f 301/1/139 320/1/138 321/1/140
f 301/1/139 302/1/137 320/1/138
f 300/1/141 321/1/140 322/1/142
f 300/1/141 301/1/139 321/1/140
f 299/1/143 322/1/142 323/1/45
f 299/1/143 300/1/141 322/1/142
f 298/1/144 323/1/45 324/1/47
f 298/1/144 324/1/47 325/1/145
f 298/1/144 299/1/143 323/1/45
f 297/1/146 325/1/145 326/1/147
f 297/1/146 298/1/144 325/1/145
f 296/1/148 326/1/147 327/1/149
f 296/1/148 297/1/146 326/1/147
f 295/1/150 327/1/149 328/1/54
f 295/1/150 296/1/148 327/1/149
f 332/1/56 333/1/56 334/1/151
f 331/1/151 332/1/56 334/1/151
f 330/1/152 334/1/151 335/1/153
f 330/1/152 331/1/151 334/1/151
f 329/1/59 335/1/153 336/1/59
f 329/1/59 330/1/152 335/1/153
f 338/1/2 339/1/2 340/1/2
f 338/1/2 340/1/2 337/1/2
f 344/1/62 345/1/62 346/1/60
f 343/1/60 344/1/62 346/1/60
f 342/1/61 346/1/60 347/1/63
f 342/1/61 343/1/60 346/1/60
f 341/1/64 347/1/63 348/1/64
f 341/1/64 342/1/61 347/1/63
f 364/1/154 365/1/66 366/1/155
f 364/1/154 366/1/155 367/1/156
f 363/1/157 367/1/156 368/1/158
f 363/1/157 364/1/154 367/1/156
f 362/1/159 368/1/158 369/1/160
f 362/1/159 363/1/157 368/1/158
f 361/1/73 362/1/159 369/1/160
f 360/1/74 369/1/160 370/1/161
f 360/1/74 361/1/73 369/1/160
f 359/1/162 370/1/161 371/1/163
f 359/1/162 360/1/74 370/1/161
f 358/1/164 371/1/163 372/1/165
f 358/1/164 359/1/162 371/1/163
f 357/1/166 372/1/165 373/1/167
f 357/1/166 358/1/164 372/1/165
f 356/1/168 373/1/167 374/1/169
f 356/1/168 357/1/166 373/1/167
f 355/1/170 374/1/169 375/1/171
f 355/1/170 356/1/168 374/1/169
f 354/1/172 375/1/171 376/1/173
f 354/1/172 355/1/170 375/1/171
f 353/1/174 376/1/173 377/1/89
f 353/1/174 354/1/172 376/1/173
f 352/1/175 377/1/89 378/1/176
f 352/1/175 378/1/176 379/1/177
f 352/1/175 353/1/174 377/1/89
f 351/1/178 379/1/177 380/1/179
f 351/1/178 352/1/175 379/1/177
f 350/1/180 380/1/179 381/1/181
f 350/1/180 351/1/178 380/1/179
f 349/1/182 381/1/181 382/1/98
f 349/1/182 350/1/180 381/1/181
f 532/1/1 533/1/1 386/1/1
f 534/1/1 386/1/1 533/1/1
f 531/1/1 532/1/1 386/1/1
f 535/1/1 386/1/1 534/1/1
f 530/1/1 531/1/1 386/1/1
f 536/1/1 386/1/1 535/1/1
f 529/1/1 530/1/1 386/1/1
f 537/1/1 386/1/1 536/1/1
f 528/1/1 529/1/1 386/1/1
f 538/1/1 386/1/1 537/1/1
f 527/1/1 528/1/1 386/1/1
f 539/1/1 386/1/1 538/1/1
f 526/1/1 527/1/1 386/1/1
f 540/1/1 386/1/1 539/1/1
f 525/1/1 526/1/1 386/1/1
f 541/1/1 386/1/1 540/1/1
f 524/1/1 525/1/1 386/1/1
f 542/1/1 386/1/1 541/1/1
f 543/1/1 386/1/1 542/1/1
f 544/1/1 386/1/1 543/1/1
f 523/1/1 524/1/1 386/1/1
f 522/1/1 523/1/1 386/1/1
f 521/1/1 522/1/1 386/1/1
f 520/1/1 521/1/1 386/1/1
f 383/1/1 517/1/1 518/1/1
f 383/1/1 518/1/1 519/1/1
f 383/1/1 519/1/1 520/1/1
f 383/1/1 520/1/1 386/1/1
f 516/1/1 517/1/1 383/1/1
f 515/1/1 516/1/1 383/1/1
f 514/1/1 515/1/1 383/1/1
f 513/1/1 514/1/1 383/1/1
f 512/1/1 513/1/1 383/1/1
f 511/1/1 512/1/1 383/1/1
f 510/1/1 511/1/1 383/1/1
f 509/1/1 510/1/1 383/1/1
f 508/1/1 509/1/1 383/1/1
f 507/1/1 508/1/1 383/1/1
f 506/1/1 507/1/1 383/1/1
f 505/1/1 506/1/1 383/1/1
f 504/1/1 505/1/1 383/1/1
f 503/1/1 504/1/1 383/1/1
f 502/1/1 503/1/1 383/1/1
f 501/1/1 502/1/1 383/1/1
f 500/1/1 501/1/1 383/1/1
f 499/1/1 500/1/1 383/1/1
f 498/1/1 499/1/1 383/1/1
f 497/1/1 498/1/1 383/1/1
f 496/1/1 497/1/1 383/1/1
f 495/1/1 496/1/1 383/1/1
f 447/1/1 549/1/1 550/1/1
f 446/1/1 447/1/1 550/1/1
f 446/1/1 550/1/1 551/1/1
f 448/1/1 549/1/1 447/1/1
f 448/1/1 548/1/1 549/1/1
f 445/1/1 446/1/1 551/1/1
f 445/1/1 551/1/1 552/1/1
f 449/1/1 548/1/1 448/1/1
f 449/1/1 547/1/1 548/1/1
f 444/1/1 445/1/1 552/1/1
f 444/1/1 552/1/1 553/1/1
f 450/1/1 546/1/1 547/1/1
f 450/1/1 547/1/1 449/1/1
f 443/1/1 444/1/1 553/1/1
f 443/1/1 553/1/1 554/1/1
f 451/1/1 546/1/1 450/1/1
f 451/1/1 545/1/1 546/1/1
f 442/1/1 554/1/1 555/1/1
f 442/1/1 443/1/1 554/1/1
f 441/1/1 442/1/1 555/1/1
f 441/1/1 555/1/1 556/1/1
f 440/1/1 556/1/1 557/1/1
f 440/1/1 441/1/1 556/1/1
f 439/1/1 557/1/1 558/1/1
f 439/1/1 440/1/1 557/1/1
f 438/1/1 439/1/1 558/1/1
f 438/1/1 558/1/1 473/1/1
f 437/1/1 438/1/1 473/1/1
f 437/1/1 473/1/1 474/1/1
f 385/1/1 452/1/1 453/1/1
f 385/1/1 453/1/1 454/1/1
f 385/1/1 454/1/1 455/1/1
f 385/1/1 455/1/1 456/1/1
f 385/1/1 456/1/1 457/1/1
f 385/1/1 457/1/1 458/1/1
f 385/1/1 458/1/1 459/1/1
f 385/1/1 459/1/1 460/1/1
f 385/1/1 460/1/1 461/1/1
f 385/1/1 461/1/1 462/1/1
f 385/1/1 462/1/1 463/1/1
f 385/1/1 463/1/1 464/1/1
f 385/1/1 464/1/1 465/1/1
f 385/1/1 465/1/1 466/1/1
f 385/1/1 466/1/1 467/1/1
f 385/1/1 467/1/1 468/1/1
f 385/1/1 468/1/1 469/1/1
f 385/1/1 469/1/1 470/1/1
f 385/1/1 470/1/1 471/1/1
f 385/1/1 471/1/1 472/1/1
f 385/1/1 472/1/1 387/1/1
f 436/1/1 437/1/1 474/1/1
f 436/1/1 474/1/1 475/1/1
f 388/1/1 385/1/1 387/1/1
f 435/1/1 436/1/1 475/1/1
f 435/1/1 475/1/1 476/1/1
f 389/1/1 385/1/1 388/1/1
f 390/1/1 385/1/1 389/1/1
f 434/1/1 435/1/1 476/1/1
f 434/1/1 476/1/1 477/1/1
f 433/1/1 434/1/1 477/1/1
f 433/1/1 477/1/1 478/1/1
f 432/1/1 433/1/1 478/1/1
f 432/1/1 478/1/1 479/1/1
f 431/1/1 432/1/1 479/1/1
f 431/1/1 479/1/1 480/1/1
f 430/1/1 431/1/1 480/1/1
f 430/1/1 480/1/1 481/1/1
f 429/1/1 430/1/1 481/1/1
f 429/1/1 481/1/1 482/1/1
f 428/1/1 429/1/1 482/1/1
f 428/1/1 482/1/1 483/1/1
f 427/1/1 483/1/1 484/1/1
f 427/1/1 428/1/1 483/1/1
f 426/1/1 484/1/1 485/1/1
f 426/1/1 427/1/1 484/1/1
f 425/1/1 485/1/1 486/1/1
f 425/1/1 426/1/1 485/1/1
f 424/1/1 486/1/1 487/1/1
f 424/1/1 425/1/1 486/1/1
f 423/1/1 487/1/1 488/1/1
f 423/1/1 424/1/1 487/1/1
f 422/1/1 488/1/1 489/1/1
f 422/1/1 423/1/1 488/1/1
f 421/1/1 489/1/1 490/1/1
f 421/1/1 422/1/1 489/1/1
f 420/1/1 490/1/1 491/1/1
f 420/1/1 421/1/1 490/1/1
f 419/1/1 491/1/1 492/1/1
f 419/1/1 420/1/1 491/1/1
f 418/1/1 492/1/1 493/1/1
f 418/1/1 419/1/1 492/1/1
f 417/1/1 493/1/1 494/1/1
f 417/1/1 418/1/1 493/1/1
f 416/1/1 417/1/1 494/1/1
f 384/1/1 391/1/1 392/1/1
f 384/1/1 392/1/1 393/1/1
f 384/1/1 393/1/1 394/1/1
f 384/1/1 394/1/1 395/1/1
f 384/1/1 395/1/1 396/1/1
f 384/1/1 396/1/1 397/1/1
f 384/1/1 397/1/1 398/1/1
f 384/1/1 398/1/1 399/1/1
f 384/1/1 399/1/1 400/1/1
f 384/1/1 400/1/1 401/1/1
f 384/1/1 401/1/1 402/1/1
f 384/1/1 402/1/1 403/1/1
f 384/1/1 403/1/1 404/1/1
f 384/1/1 404/1/1 405/1/1
f 384/1/1 405/1/1 406/1/1
f 384/1/1 406/1/1 407/1/1
f 384/1/1 407/1/1 408/1/1
f 384/1/1 408/1/1 409/1/1
f 384/1/1 409/1/1 410/1/1
f 384/1/1 410/1/1 411/1/1
f 384/1/1 411/1/1 412/1/1
f 384/1/1 412/1/1 413/1/1
f 384/1/1 413/1/1 414/1/1
f 384/1/1 414/1/1 415/1/1
f 383/1/1 384/1/1 415/1/1
f 383/1/1 415/1/1 416/1/1
f 383/1/1 416/1/1 495/1/1
f 495/1/1 416/1/1 494/1/1
f 384/1/1 385/1/1 390/1/1
f 384/1/1 390/1/1 391/1/1
f 385/1/1 386/1/1 544/1/1
f 385/1/1 544/1/1 545/1/1
f 385/1/1 545/1/1 452/1/1
f 452/1/1 545/1/1 451/1/1
f 560/1/5 562/1/5 561/1/5
f 560/1/5 559/1/5 562/1/5
f 728/1/3 729/1/3 566/1/3
f 730/1/3 566/1/3 729/1/3
f 727/1/3 728/1/3 566/1/3
f 731/1/3 566/1/3 730/1/3
f 726/1/3 727/1/3 566/1/3
f 732/1/3 566/1/3 731/1/3
f 725/1/3 726/1/3 566/1/3
f 733/1/3 566/1/3 732/1/3
f 724/1/3 725/1/3 566/1/3
f 734/1/3 566/1/3 733/1/3
f 723/1/3 724/1/3 566/1/3
f 735/1/3 566/1/3 734/1/3
f 722/1/3 723/1/3 566/1/3
f 736/1/3 566/1/3 735/1/3
f 721/1/3 722/1/3 566/1/3
f 737/1/3 566/1/3 736/1/3
f 720/1/3 721/1/3 566/1/3
f 738/1/3 566/1/3 737/1/3
f 739/1/3 566/1/3 738/1/3
f 671/1/3 720/1/3 566/1/3
f 740/1/3 566/1/3 739/1/3
f 741/1/3 566/1/3 740/1/3
f 742/1/3 566/1/3 741/1/3
f 743/1/3 566/1/3 742/1/3
f 670/1/3 671/1/3 566/1/3
f 669/1/3 670/1/3 566/1/3
f 668/1/3 669/1/3 566/1/3
f 667/1/3 668/1/3 566/1/3
f 565/1/3 664/1/3 665/1/3
f 565/1/3 665/1/3 666/1/3
f 565/1/3 666/1/3 667/1/3
f 565/1/3 667/1/3 566/1/3
f 663/1/3 664/1/3 565/1/3
f 711/1/183 663/1/3 565/1/3
f 710/1/3 711/1/183 565/1/3
f 709/1/3 710/1/3 565/1/3
f 708/1/3 709/1/3 565/1/3
f 707/1/3 708/1/3 565/1/3
f 706/1/3 707/1/3 565/1/3
f 705/1/3 706/1/3 565/1/3
f 704/1/3 705/1/3 565/1/3
f 703/1/3 704/1/3 565/1/3
f 702/1/3 703/1/3 565/1/3
f 701/1/3 702/1/3 565/1/3
f 700/1/3 701/1/3 565/1/3
f 699/1/3 700/1/3 565/1/3
f 698/1/3 699/1/3 565/1/3
f 697/1/3 698/1/3 565/1/3
f 696/1/3 697/1/3 565/1/3
f 695/1/3 696/1/3 565/1/3
f 694/1/3 695/1/3 565/1/3
f 693/1/3 694/1/3 565/1/3
f 692/1/3 693/1/3 565/1/3
f 691/1/3 692/1/3 565/1/3
f 690/1/3 691/1/3 565/1/3
f 689/1/3 690/1/3 565/1/3
f 688/1/3 689/1/3 565/1/3
f 633/1/3 747/1/3 748/1/183
f 632/1/184 633/1/3 748/1/183
f 632/1/184 748/1/183 749/1/3
f 634/1/3 747/1/3 633/1/3
f 634/1/3 746/1/3 747/1/3
f 631/1/184 749/1/3 750/1/3
f 631/1/184 632/1/184 749/1/3
f 635/1/3 745/1/3 746/1/3
f 635/1/3 746/1/3 634/1/3
f 630/1/3 750/1/3 751/1/3
f 630/1/3 631/1/184 750/1/3
f 636/1/3 745/1/3 635/1/3
f 636/1/3 744/1/183 745/1/3
f 629/1/3 630/1/3 751/1/3
f 629/1/3 751/1/3 752/1/3
f 637/1/3 744/1/183 636/1/3
f 637/1/3 743/1/3 744/1/183
f 628/1/3 629/1/3 752/1/3
f 628/1/3 752/1/3 753/1/3
f 638/1/3 743/1/3 637/1/3
f 638/1/3 566/1/3 743/1/3
f 627/1/3 628/1/3 753/1/3
f 627/1/3 753/1/3 754/1/3
f 626/1/3 627/1/3 754/1/3
f 626/1/3 754/1/3 755/1/3
f 626/1/3 755/1/3 756/1/3
f 625/1/3 626/1/3 756/1/3
f 625/1/3 756/1/3 757/1/3
f 624/1/3 625/1/3 757/1/3
f 624/1/3 757/1/3 758/1/3
f 575/1/3 624/1/3 758/1/3
f 575/1/3 758/1/3 712/1/3
f 574/1/3 712/1/3 713/1/3
f 574/1/3 575/1/3 712/1/3
f 563/1/3 566/1/3 638/1/3
f 563/1/3 638/1/3 639/1/3
f 563/1/3 639/1/3 640/1/184
f 563/1/3 640/1/184 641/1/183
f 563/1/3 641/1/183 642/1/184
f 563/1/3 642/1/184 643/1/3
f 563/1/3 643/1/3 644/1/3
f 563/1/3 644/1/3 645/1/3
f 563/1/3 645/1/3 646/1/3
f 563/1/3 646/1/3 647/1/3
f 563/1/3 647/1/3 648/1/3
f 563/1/3 648/1/3 649/1/3
f 563/1/3 649/1/3 650/1/3
f 563/1/3 650/1/3 651/1/3
f 563/1/3 651/1/3 652/1/3
f 563/1/3 652/1/3 653/1/3
f 563/1/3 653/1/3 654/1/3
f 563/1/3 654/1/3 655/1/3
f 563/1/3 655/1/3 656/1/3
f 563/1/3 656/1/3 657/1/3
f 563/1/3 657/1/3 658/1/3
f 563/1/3 658/1/3 659/1/3
f 563/1/3 659/1/3 660/1/3
f 563/1/3 660/1/3 661/1/3
f 563/1/3 661/1/3 662/1/3
f 563/1/3 662/1/3 616/1/3
f 573/1/3 713/1/3 714/1/3
f 573/1/3 574/1/3 713/1/3
f 617/1/3 563/1/3 616/1/3
f 572/1/3 714/1/3 715/1/3
f 572/1/3 573/1/3 714/1/3
f 618/1/3 563/1/3 617/1/3
f 619/1/3 563/1/3 618/1/3
f 571/1/3 715/1/3 716/1/3
f 571/1/3 572/1/3 715/1/3
f 620/1/3 563/1/3 619/1/3
f 570/1/3 571/1/3 716/1/3
f 570/1/3 716/1/3 717/1/3
f 569/1/3 717/1/3 718/1/3
f 569/1/3 570/1/3 717/1/3
f 568/1/3 718/1/3 719/1/3
f 568/1/3 569/1/3 718/1/3
f 567/1/3 719/1/3 672/1/3
f 567/1/3 568/1/3 719/1/3
f 615/1/3 672/1/3 673/1/3
f 615/1/3 567/1/3 672/1/3
f 614/1/3 673/1/3 674/1/3
f 614/1/3 615/1/3 673/1/3
f 613/1/3 614/1/3 674/1/3
f 613/1/3 674/1/3 675/1/3
f 612/1/3 613/1/3 675/1/3
f 611/1/184 612/1/3 675/1/3
f 611/1/184 675/1/3 676/1/3
f 610/1/184 676/1/3 677/1/3
f 610/1/184 611/1/184 676/1/3
f 609/1/3 677/1/3 678/1/3
f 609/1/3 610/1/184 677/1/3
f 608/1/3 678/1/3 679/1/3
f 608/1/3 609/1/3 678/1/3
f 607/1/3 679/1/3 680/1/3
f 607/1/3 608/1/3 679/1/3
f 606/1/3 680/1/3 681/1/3
f 606/1/3 607/1/3 680/1/3
f 605/1/184 681/1/3 682/1/184
f 605/1/184 606/1/3 681/1/3
f 564/1/3 576/1/3 577/1/3
f 564/1/3 577/1/3 578/1/3
f 564/1/3 578/1/3 579/1/3
f 564/1/3 579/1/3 580/1/3
f 564/1/3 580/1/3 581/1/3
f 564/1/3 581/1/3 582/1/3
f 564/1/3 582/1/3 583/1/3
f 564/1/3 583/1/3 584/1/3
f 564/1/3 584/1/3 585/1/3
f 564/1/3 585/1/3 586/1/3
f 564/1/3 586/1/3 587/1/3
f 564/1/3 587/1/3 588/1/3
f 564/1/3 588/1/3 589/1/3
f 564/1/3 589/1/3 590/1/3
f 564/1/3 590/1/3 591/1/3
f 564/1/3 591/1/3 592/1/3
f 564/1/3 592/1/3 593/1/3
f 564/1/3 593/1/3 594/1/3
f 564/1/3 594/1/3 595/1/3
f 564/1/3 595/1/3 596/1/3
f 564/1/3 596/1/3 597/1/3
f 564/1/3 597/1/3 598/1/184
f 564/1/3 598/1/184 599/1/3
f 564/1/3 620/1/3 621/1/3
f 564/1/3 621/1/3 622/1/3
f 564/1/3 622/1/3 623/1/3
f 564/1/3 623/1/3 576/1/3
f 564/1/3 563/1/3 620/1/3
f 564/1/3 688/1/3 565/1/3
f 564/1/3 687/1/183 688/1/3
f 564/1/3 686/1/3 687/1/183
f 564/1/3 685/1/3 686/1/3
f 564/1/3 684/1/3 685/1/3
f 564/1/3 683/1/3 684/1/3
f 564/1/3 682/1/184 683/1/3
f 564/1/3 599/1/3 682/1/184
f 599/1/3 600/1/185 682/1/184
f 600/1/185 601/1/3 682/1/184
f 601/1/3 602/1/3 682/1/184
f 602/1/3 603/1/3 682/1/184
f 603/1/3 604/1/3 682/1/184
f 604/1/3 605/1/184 682/1/184
f 762/1/99 759/1/99 760/1/99
f 762/1/99 761/1/99 759/1/99
f 765/1/5 763/1/5 764/1/5
f 765/1/5 764/1/5 766/1/5
f 826/1/3 815/1/3 816/1/3
f 825/1/3 815/1/3 826/1/3
f 824/1/3 815/1/3 825/1/3
f 823/1/3 815/1/3 824/1/3
f 822/1/3 815/1/3 823/1/3
f 821/1/3 815/1/3 822/1/3
f 813/1/3 815/1/3 821/1/3
f 813/1/3 814/1/3 815/1/3
f 813/1/3 818/1/3 817/1/3
f 813/1/3 819/1/3 818/1/3
f 813/1/3 820/1/3 819/1/3
f 813/1/3 821/1/3 820/1/3
f 813/1/3 817/1/3 849/1/3
f 848/1/3 813/1/3 849/1/3
f 847/1/3 813/1/3 848/1/3
f 846/1/3 813/1/3 847/1/3
f 810/1/3 811/1/3 812/1/3
f 800/1/3 801/1/3 812/1/3
f 802/1/3 812/1/3 801/1/3
f 799/1/3 800/1/3 812/1/3
f 803/1/3 810/1/3 812/1/3
f 803/1/3 812/1/3 802/1/3
f 804/1/3 810/1/3 803/1/3
f 798/1/3 799/1/3 812/1/3
f 805/1/3 810/1/3 804/1/3
f 806/1/3 810/1/3 805/1/3
f 797/1/3 798/1/3 812/1/3
f 807/1/3 810/1/3 806/1/3
f 808/1/3 810/1/3 807/1/3
f 796/1/3 797/1/3 812/1/3
f 809/1/3 810/1/3 808/1/3
f 795/1/3 812/1/3 813/1/3
f 795/1/3 813/1/3 846/1/3
f 795/1/3 796/1/3 812/1/3
f 794/1/3 846/1/3 845/1/3
f 794/1/3 795/1/3 846/1/3
f 793/1/3 845/1/3 844/1/3
f 793/1/3 794/1/3 845/1/3
f 792/1/3 793/1/3 844/1/3
f 792/1/3 844/1/3 843/1/3
f 791/1/3 792/1/3 843/1/3
f 791/1/3 843/1/3 842/1/3
f 790/1/3 791/1/3 842/1/3
f 790/1/3 842/1/3 841/1/3
f 789/1/3 790/1/3 841/1/3
f 789/1/3 841/1/3 840/1/3
f 860/1/3 861/1/3 862/1/3
f 850/1/3 859/1/3 860/1/3
f 851/1/3 850/1/3 860/1/3
f 852/1/3 851/1/3 860/1/3
f 788/1/3 789/1/3 840/1/3
f 788/1/3 840/1/3 839/1/3
f 787/1/3 788/1/3 839/1/3
f 787/1/3 839/1/3 838/1/3
f 786/1/3 787/1/3 838/1/3
f 786/1/3 838/1/3 837/1/3
f 785/1/3 786/1/3 837/1/3
f 785/1/3 837/1/3 836/1/3
f 784/1/3 785/1/3 836/1/3
f 784/1/3 836/1/3 835/1/3
f 783/1/3 784/1/3 835/1/3
f 783/1/3 835/1/3 834/1/3
f 782/1/3 783/1/3 834/1/3
f 782/1/3 834/1/3 833/1/3
f 781/1/3 782/1/3 833/1/3
f 781/1/3 833/1/3 832/1/3
f 780/1/3 781/1/3 832/1/3
f 780/1/3 832/1/3 831/1/3
f 779/1/3 780/1/3 831/1/3
f 779/1/3 831/1/3 830/1/3
f 778/1/3 830/1/3 829/1/3
f 778/1/3 779/1/3 830/1/3
f 777/1/3 829/1/3 828/1/3
f 777/1/3 778/1/3 829/1/3
f 776/1/3 777/1/3 828/1/3
f 776/1/3 828/1/3 827/1/3
f 775/1/3 776/1/3 827/1/3
f 775/1/3 858/1/3 857/1/3
f 775/1/3 827/1/3 858/1/3
f 774/1/3 775/1/3 857/1/3
f 773/1/3 774/1/3 857/1/3
f 773/1/3 856/1/3 855/1/3
f 773/1/3 857/1/3 856/1/3
f 772/1/3 773/1/3 855/1/3
f 771/1/3 772/1/3 855/1/3
f 771/1/3 855/1/3 854/1/3
f 770/1/3 853/1/3 852/1/3
f 770/1/3 854/1/3 853/1/3
f 770/1/3 771/1/3 854/1/3
f 769/1/3 770/1/3 852/1/3
f 865/1/3 767/1/3 768/1/3
f 865/1/3 768/1/3 769/1/3
f 865/1/3 852/1/3 860/1/3
f 865/1/3 769/1/3 852/1/3
f 865/1/3 866/1/3 767/1/3
f 863/1/3 864/1/3 865/1/3
f 862/1/3 863/1/3 860/1/3
f 860/1/3 863/1/3 865/1/3
f 869/1/2 867/1/2 868/1/2
f 869/1/2 868/1/2 870/1/2
f 930/1/1 928/1/1 929/1/1
f 931/1/1 928/1/1 930/1/1
f 932/1/1 928/1/1 931/1/1
f 933/1/1 928/1/1 932/1/1
f 934/1/1 928/1/1 933/1/1
f 935/1/1 928/1/1 934/1/1
f 926/1/1 928/1/1 935/1/1
f 926/1/1 927/1/1 928/1/1
f 926/1/1 935/1/1 936/1/1
f 926/1/1 936/1/1 937/1/1
f 926/1/1 937/1/1 938/1/1
f 926/1/1 938/1/1 939/1/1
f 926/1/1 939/1/1 940/1/1
f 941/1/1 926/1/1 940/1/1
f 942/1/1 926/1/1 941/1/1
f 943/1/1 926/1/1 942/1/1
f 943/1/1 925/1/1 926/1/1
f 923/1/1 924/1/1 925/1/1
f 913/1/1 914/1/1 925/1/1
f 915/1/1 925/1/1 914/1/1
f 912/1/1 913/1/1 925/1/1
f 916/1/1 923/1/1 925/1/1
f 916/1/1 925/1/1 915/1/1
f 917/1/1 923/1/1 916/1/1
f 911/1/1 912/1/1 925/1/1
f 918/1/1 923/1/1 917/1/1
f 919/1/1 923/1/1 918/1/1
f 910/1/1 911/1/1 925/1/1
f 920/1/1 923/1/1 919/1/1
f 921/1/1 923/1/1 920/1/1
f 909/1/1 910/1/1 925/1/1
f 922/1/1 923/1/1 921/1/1
f 908/1/1 925/1/1 943/1/1
f 908/1/1 943/1/1 944/1/1
f 908/1/1 909/1/1 925/1/1
f 907/1/1 944/1/1 945/1/1
f 907/1/1 908/1/1 944/1/1
f 906/1/1 907/1/1 945/1/1
f 906/1/1 945/1/1 946/1/1
f 905/1/1 946/1/1 947/1/1
f 905/1/1 906/1/1 946/1/1
f 904/1/1 947/1/1 948/1/1
f 904/1/1 905/1/1 947/1/1
f 903/1/1 948/1/1 949/1/1
f 903/1/1 904/1/1 948/1/1
f 902/1/1 903/1/1 949/1/1
f 902/1/1 949/1/1 950/1/1
f 873/1/1 874/1/1 875/1/1
f 871/1/1 872/1/1 873/1/1
f 970/1/186 871/1/1 873/1/1
f 969/1/1 970/1/186 873/1/1
f 901/1/1 902/1/1 950/1/1
f 901/1/1 950/1/1 951/1/1
f 900/1/1 901/1/1 951/1/1
f 900/1/1 951/1/1 952/1/1
f 899/1/1 900/1/1 952/1/1
f 899/1/1 952/1/1 953/1/1
f 898/1/1 899/1/1 953/1/1
f 898/1/1 953/1/1 954/1/1
f 897/1/1 898/1/1 954/1/1
f 897/1/1 954/1/1 955/1/1
f 896/1/1 897/1/1 955/1/1
f 896/1/1 955/1/1 956/1/1
f 895/1/1 896/1/1 956/1/1
f 895/1/1 956/1/1 957/1/1
f 894/1/1 895/1/1 957/1/1
f 894/1/1 957/1/1 958/1/1
f 893/1/1 894/1/1 958/1/1
f 893/1/1 958/1/1 959/1/1
f 892/1/1 893/1/1 959/1/1
f 892/1/1 959/1/1 960/1/1
f 891/1/1 892/1/1 960/1/1
f 891/1/1 960/1/1 961/1/1
f 890/1/1 891/1/1 961/1/1
f 890/1/1 961/1/1 962/1/1
f 889/1/1 890/1/1 962/1/1
f 888/1/1 889/1/1 962/1/1
f 888/1/1 962/1/1 963/1/1
f 887/1/1 888/1/1 963/1/1
f 887/1/1 963/1/1 964/1/1
f 886/1/1 887/1/1 964/1/1
f 886/1/1 964/1/1 965/1/1
f 885/1/1 886/1/1 965/1/1
f 885/1/1 965/1/1 966/1/1
f 884/1/1 885/1/1 966/1/1
f 884/1/1 966/1/1 967/1/1
f 883/1/1 884/1/1 967/1/1
f 883/1/1 967/1/1 968/1/1
f 882/1/1 969/1/1 873/1/1
f 882/1/1 883/1/1 968/1/1
f 882/1/1 968/1/1 969/1/1
f 878/1/1 879/1/1 880/1/1
f 878/1/1 880/1/1 881/1/1
f 878/1/1 881/1/1 882/1/1
f 878/1/1 882/1/1 873/1/1
f 876/1/1 877/1/1 878/1/1
f 875/1/1 876/1/1 873/1/1
f 873/1/1 876/1/1 878/1/1
f 982/1/99 981/1/99 979/1/99
f 980/1/99 982/1/99 979/1/99
f 985/1/5 984/1/5 983/1/5
f 986/1/5 988/1/5 987/1/5
f 986/1/5 983/1/5 988/1/5
f 986/1/5 985/1/5 983/1/5
f 994/1/99 993/1/99 992/1/99
f 991/1/99 994/1/99 992/1/99
f 990/1/99 991/1/99 989/1/99
f 990/1/99 994/1/99 991/1/99
f 997/1/187 1005/1/187 1006/1/188
f 998/1/188 997/1/187 1006/1/188
f 999/1/189 1006/1/188 1007/1/190
f 999/1/189 998/1/188 1006/1/188
f 1000/1/191 1007/1/190 1008/1/191
f 1000/1/191 1008/1/191 1009/1/192
f 1000/1/191 999/1/189 1007/1/190
f 1001/1/192 1000/1/191 1009/1/192
f 1002/1/193 1009/1/192 1010/1/193
f 1002/1/193 1010/1/193 1011/1/194
f 1002/1/193 1001/1/192 1009/1/192
f 1003/1/194 1002/1/193 1011/1/194
f 1004/1/195 1011/1/194 1012/1/196
f 1004/1/195 1003/1/194 1011/1/194
f 996/1/197 1012/1/196 995/1/197
f 996/1/197 1004/1/195 1012/1/196
f 1094/1/198 1053/1/198 1052/1/199
f 1093/1/200 1052/1/199 1051/1/201
f 1093/1/200 1094/1/198 1052/1/199
f 1092/1/202 1051/1/201 1050/1/203
f 1092/1/202 1093/1/200 1051/1/201
f 1091/1/204 1050/1/203 1049/1/205
f 1091/1/204 1092/1/202 1050/1/203
f 1090/1/206 1049/1/205 1048/1/207
f 1090/1/206 1091/1/204 1049/1/205
f 1089/1/208 1090/1/206 1048/1/207
f 1089/1/208 1048/1/207 1047/1/209
f 1088/1/210 1089/1/208 1047/1/209
f 1088/1/210 1047/1/209 1046/1/211
f 1087/1/212 1088/1/210 1046/1/211
f 1087/1/212 1046/1/211 1045/1/213
f 1086/1/214 1087/1/212 1045/1/213
f 1086/1/214 1045/1/213 1044/1/215
f 1085/1/216 1086/1/214 1044/1/215
f 1085/1/216 1044/1/215 1043/1/217
f 1084/1/218 1085/1/216 1043/1/217
f 1084/1/218 1043/1/217 1042/1/219
f 1083/1/220 1042/1/219 1041/1/221
f 1083/1/220 1084/1/218 1042/1/219
f 1082/1/222 1083/1/220 1041/1/221
f 1082/1/222 1041/1/221 1040/1/223
f 1081/1/224 1040/1/223 1039/1/225
f 1081/1/224 1082/1/222 1040/1/223
f 1080/1/226 1039/1/225 1038/1/227
f 1080/1/226 1081/1/224 1039/1/225
f 1079/1/228 1038/1/227 1037/1/229
f 1079/1/228 1080/1/226 1038/1/227
f 1078/1/230 1037/1/229 1036/1/231
f 1078/1/230 1079/1/228 1037/1/229
f 1077/1/232 1036/1/231 1035/1/233
f 1077/1/232 1078/1/230 1036/1/231
f 1076/1/234 1035/1/233 1034/1/235
f 1076/1/234 1077/1/232 1035/1/233
f 1075/1/236 1034/1/235 1033/1/237
f 1075/1/236 1076/1/234 1034/1/235
f 1074/1/238 1033/1/237 1032/1/239
f 1074/1/238 1075/1/236 1033/1/237
f 1073/1/240 1032/1/239 1031/1/241
f 1073/1/240 1074/1/238 1032/1/239
f 1072/1/242 1031/1/241 1030/1/243
f 1072/1/242 1073/1/240 1031/1/241
f 1071/1/244 1030/1/243 1029/1/245
f 1071/1/244 1072/1/242 1030/1/243
f 1070/1/246 1029/1/245 1028/1/247
f 1070/1/246 1071/1/244 1029/1/245
f 1069/1/248 1028/1/247 1027/1/249
f 1069/1/248 1070/1/246 1028/1/247
f 1068/1/250 1027/1/249 1026/1/251
f 1068/1/250 1069/1/248 1027/1/249
f 1067/1/252 1026/1/251 1025/1/253
f 1067/1/252 1068/1/250 1026/1/251
f 1066/1/254 1025/1/253 1024/1/255
f 1066/1/254 1067/1/252 1025/1/253
f 1065/1/256 1066/1/254 1024/1/255
f 1065/1/256 1024/1/255 1023/1/257
f 1064/1/257 1065/1/256 1023/1/257
f 1063/1/258 1064/1/257 1023/1/257
f 1063/1/258 1022/1/258 1021/1/259
f 1063/1/258 1023/1/257 1022/1/258
f 1062/1/259 1063/1/258 1021/1/259
f 1061/1/260 1020/1/260 1019/1/261
f 1061/1/260 1021/1/259 1020/1/260
f 1061/1/260 1062/1/259 1021/1/259
f 1060/1/262 1019/1/261 1018/1/263
f 1060/1/262 1061/1/260 1019/1/261
f 1059/1/264 1018/1/263 1017/1/265
f 1059/1/264 1060/1/262 1018/1/263
f 1058/1/266 1017/1/265 1016/1/267
f 1058/1/266 1059/1/264 1017/1/265
f 1057/1/268 1016/1/267 1015/1/269
f 1057/1/268 1058/1/266 1016/1/267
f 1056/1/270 1057/1/268 1015/1/269
f 1055/1/271 1014/1/271 1013/1/272
f 1055/1/271 1015/1/269 1014/1/271
f 1055/1/271 1056/1/270 1015/1/269
f 1054/1/272 1055/1/271 1013/1/272
f 1175/1/273 1135/1/274 1134/1/275
f 1175/1/273 1176/1/274 1135/1/274
f 1174/1/276 1134/1/275 1133/1/277
f 1174/1/276 1175/1/273 1134/1/275
f 1173/1/278 1133/1/277 1132/1/279
f 1173/1/278 1174/1/276 1133/1/277
f 1172/1/280 1173/1/278 1132/1/279
f 1172/1/280 1132/1/279 1131/1/281
f 1171/1/282 1172/1/280 1131/1/281
f 1171/1/282 1131/1/281 1130/1/283
f 1170/1/284 1171/1/282 1130/1/283
f 1170/1/284 1130/1/283 1129/1/285
f 1169/1/286 1170/1/284 1129/1/285
f 1169/1/286 1129/1/285 1128/1/287
f 1168/1/288 1169/1/286 1128/1/287
f 1168/1/288 1128/1/287 1127/1/289
f 1167/1/290 1168/1/288 1127/1/289
f 1167/1/290 1127/1/289 1126/1/291
f 1166/1/292 1167/1/290 1126/1/291
f 1166/1/292 1126/1/291 1125/1/293
f 1165/1/294 1125/1/293 1124/1/295
f 1165/1/294 1166/1/292 1125/1/293
f 1164/1/296 1124/1/295 1123/1/297
f 1164/1/296 1165/1/294 1124/1/295
f 1163/1/298 1123/1/297 1122/1/299
f 1163/1/298 1164/1/296 1123/1/297
f 1162/1/300 1122/1/299 1121/1/301
f 1162/1/300 1163/1/298 1122/1/299
f 1161/1/302 1121/1/301 1120/1/303
f 1161/1/302 1162/1/300 1121/1/301
f 1160/1/304 1120/1/303 1119/1/305
f 1160/1/304 1161/1/302 1120/1/303
f 1159/1/306 1119/1/305 1118/1/307
f 1159/1/306 1160/1/304 1119/1/305
f 1158/1/308 1118/1/307 1117/1/309
f 1158/1/308 1159/1/306 1118/1/307
f 1157/1/310 1117/1/309 1116/1/311
f 1157/1/310 1158/1/308 1117/1/309
f 1156/1/312 1116/1/311 1115/1/313
f 1156/1/312 1157/1/310 1116/1/311
f 1155/1/314 1115/1/313 1114/1/315
f 1155/1/314 1156/1/312 1115/1/313
f 1154/1/316 1114/1/315 1113/1/317
f 1154/1/316 1155/1/314 1114/1/315
f 1153/1/318 1113/1/317 1112/1/319
f 1153/1/318 1154/1/316 1113/1/317
f 1152/1/320 1112/1/319 1111/1/321
f 1152/1/320 1153/1/318 1112/1/319
f 1151/1/322 1111/1/321 1110/1/323
f 1151/1/322 1152/1/320 1111/1/321
f 1150/1/324 1110/1/323 1109/1/325
f 1150/1/324 1151/1/322 1110/1/323
f 1149/1/326 1109/1/325 1108/1/327
f 1149/1/326 1150/1/324 1109/1/325
f 1148/1/328 1108/1/327 1107/1/329
f 1148/1/328 1149/1/326 1108/1/327
f 1147/1/330 1148/1/328 1107/1/329
f 1147/1/330 1107/1/329 1106/1/331
f 1146/1/332 1147/1/330 1106/1/331
f 1146/1/332 1106/1/331 1105/1/333
f 1145/1/334 1105/1/333 1104/1/335
f 1145/1/334 1146/1/332 1105/1/333
f 1144/1/336 1145/1/334 1104/1/335
f 1144/1/336 1104/1/335 1103/1/337
f 1143/1/338 1103/1/337 1102/1/339
f 1143/1/338 1144/1/336 1103/1/337
f 1142/1/340 1102/1/339 1101/1/341
f 1142/1/340 1143/1/338 1102/1/339
f 1141/1/342 1101/1/341 1100/1/343
f 1141/1/342 1142/1/340 1101/1/341
f 1140/1/344 1100/1/343 1099/1/345
f 1140/1/344 1141/1/342 1100/1/343
f 1139/1/346 1099/1/345 1098/1/347
f 1139/1/346 1140/1/344 1099/1/345
f 1138/1/348 1098/1/347 1097/1/349
f 1138/1/348 1139/1/346 1098/1/347
f 1137/1/350 1096/1/351 1095/1/352
f 1137/1/350 1097/1/349 1096/1/351
f 1137/1/350 1138/1/348 1097/1/349
f 1136/1/352 1137/1/350 1095/1/352
f 1179/1/353 1187/1/353 1188/1/354
f 1180/1/354 1179/1/353 1188/1/354
f 1181/1/355 1188/1/354 1189/1/356
f 1181/1/355 1180/1/354 1188/1/354
f 1182/1/357 1189/1/356 1190/1/357
f 1182/1/357 1190/1/357 1191/1/358
f 1182/1/357 1181/1/355 1189/1/356
f 1183/1/358 1182/1/357 1191/1/358
f 1184/1/359 1191/1/358 1192/1/359
f 1184/1/359 1192/1/359 1193/1/360
f 1184/1/359 1183/1/358 1191/1/358
f 1185/1/360 1184/1/359 1193/1/360
f 1186/1/361 1193/1/360 1194/1/362
f 1186/1/361 1185/1/360 1193/1/360
f 1178/1/363 1194/1/362 1177/1/363
f 1178/1/363 1186/1/361 1194/1/362
f 1286/1/184 1282/1/3 1281/1/3
f 1286/1/184 1283/1/184 1282/1/3
f 1286/1/184 1284/1/3 1283/1/184
f 1286/1/184 1285/1/364 1284/1/3
f 1287/1/3 1286/1/184 1281/1/3
f 1287/1/3 1281/1/3 1280/1/3
f 1288/1/183 1287/1/3 1280/1/3
f 1288/1/183 1280/1/3 1279/1/3
f 1289/1/3 1288/1/183 1279/1/3
f 1289/1/3 1279/1/3 1278/1/3
f 1290/1/3 1289/1/3 1278/1/3
f 1290/1/3 1278/1/3 1277/1/3
f 1195/1/3 1290/1/3 1277/1/3
f 1195/1/3 1271/1/3 1270/1/3
f 1195/1/3 1272/1/3 1271/1/3
f 1195/1/3 1273/1/3 1272/1/3
f 1195/1/3 1274/1/3 1273/1/3
f 1195/1/3 1275/1/3 1274/1/3
f 1195/1/3 1276/1/3 1275/1/3
f 1195/1/3 1277/1/3 1276/1/3
f 1269/1/3 1195/1/3 1270/1/3
f 1268/1/3 1195/1/3 1269/1/3
f 1267/1/3 1195/1/3 1268/1/3
f 1266/1/3 1195/1/3 1267/1/3
f 1265/1/3 1195/1/3 1266/1/3
f 1264/1/3 1195/1/3 1265/1/3
f 1263/1/3 1195/1/3 1264/1/3
f 1262/1/3 1195/1/3 1263/1/3
f 1261/1/3 1195/1/3 1262/1/3
f 1260/1/3 1195/1/3 1261/1/3
f 1259/1/3 1195/1/3 1260/1/3
f 1258/1/3 1195/1/3 1259/1/3
f 1257/1/3 1195/1/3 1258/1/3
f 1256/1/3 1195/1/3 1257/1/3
f 1255/1/3 1195/1/3 1256/1/3
f 1254/1/3 1195/1/3 1255/1/3
f 1253/1/3 1195/1/3 1254/1/3
f 1252/1/3 1195/1/3 1253/1/3
f 1251/1/3 1195/1/3 1252/1/3
f 1250/1/3 1196/1/3 1195/1/3
f 1250/1/3 1195/1/3 1251/1/3
f 1249/1/3 1196/1/3 1250/1/3
f 1197/1/3 1196/1/3 1249/1/3
f 1248/1/3 1197/1/3 1249/1/3
f 1198/1/3 1197/1/3 1248/1/3
f 1247/1/3 1198/1/3 1248/1/3
f 1199/1/3 1198/1/3 1247/1/3
f 1246/1/3 1199/1/3 1247/1/3
f 1200/1/3 1199/1/3 1246/1/3
f 1245/1/3 1200/1/3 1246/1/3
f 1201/1/3 1200/1/3 1245/1/3
f 1244/1/3 1201/1/3 1245/1/3
f 1244/1/3 1202/1/3 1201/1/3
f 1205/1/3 1204/1/3 1203/1/3
f 1206/1/3 1205/1/3 1203/1/3
f 1207/1/3 1206/1/3 1203/1/3
f 1208/1/3 1207/1/3 1203/1/3
f 1210/1/3 1209/1/365 1208/1/3
f 1210/1/3 1208/1/3 1203/1/3
f 1211/1/3 1210/1/3 1203/1/3
f 1213/1/3 1212/1/3 1211/1/3
f 1213/1/3 1211/1/3 1203/1/3
f 1214/1/3 1213/1/3 1203/1/3
f 1215/1/3 1214/1/3 1203/1/3
f 1217/1/184 1216/1/366 1215/1/3
f 1219/1/367 1218/1/3 1217/1/184
f 1220/1/3 1215/1/3 1203/1/3
f 1220/1/3 1217/1/184 1215/1/3
f 1220/1/3 1219/1/367 1217/1/184
f 1243/1/3 1202/1/3 1244/1/3
f 1243/1/3 1203/1/3 1202/1/3
f 1222/1/368 1221/1/369 1220/1/3
f 1223/1/3 1222/1/368 1220/1/3
f 1223/1/3 1220/1/3 1203/1/3
f 1241/1/3 1203/1/3 1243/1/3
f 1241/1/3 1243/1/3 1242/1/3
f 1224/1/3 1223/1/3 1203/1/3
f 1238/1/370 1240/1/3 1239/1/371
f 1227/1/3 1225/1/185 1224/1/3
f 1227/1/3 1226/1/372 1225/1/185
f 1237/1/3 1241/1/3 1240/1/3
f 1237/1/3 1203/1/3 1241/1/3
f 1237/1/3 1240/1/3 1238/1/370
f 1229/1/3 1228/1/3 1227/1/3
f 1235/1/3 1237/1/3 1236/1/373
f 1235/1/3 1203/1/3 1237/1/3
f 1230/1/3 1224/1/3 1203/1/3
f 1230/1/3 1227/1/3 1224/1/3
f 1230/1/3 1229/1/3 1227/1/3
f 1232/1/3 1231/1/3 1230/1/3
f 1232/1/3 1234/1/185 1233/1/374
f 1232/1/3 1235/1/3 1234/1/185
f 1232/1/3 1230/1/3 1203/1/3
f 1232/1/3 1203/1/3 1235/1/3
f 1293/1/187 1301/1/187 1302/1/188
f 1294/1/188 1293/1/187 1302/1/188
f 1295/1/189 1302/1/188 1303/1/190
f 1295/1/189 1294/1/188 1302/1/188
f 1296/1/191 1303/1/190 1304/1/191
f 1296/1/191 1304/1/191 1305/1/192
f 1296/1/191 1295/1/189 1303/1/190
f 1297/1/192 1296/1/191 1305/1/192
f 1298/1/193 1305/1/192 1306/1/193
f 1298/1/193 1306/1/193 1307/1/194
f 1298/1/193 1297/1/192 1305/1/192
f 1299/1/194 1298/1/193 1307/1/194
f 1300/1/195 1307/1/194 1308/1/196
f 1300/1/195 1299/1/194 1307/1/194
f 1292/1/197 1308/1/196 1291/1/197
f 1292/1/197 1300/1/195 1308/1/196
f 1390/1/198 1349/1/198 1348/1/375
f 1389/1/376 1390/1/198 1348/1/375
f 1388/1/201 1348/1/375 1347/1/202
f 1388/1/201 1389/1/376 1348/1/375
f 1387/1/203 1347/1/202 1346/1/204
f 1387/1/203 1388/1/201 1347/1/202
f 1386/1/205 1387/1/203 1346/1/204
f 1386/1/205 1346/1/204 1345/1/377
f 1385/1/207 1386/1/205 1345/1/377
f 1385/1/207 1345/1/377 1344/1/208
f 1384/1/209 1385/1/207 1344/1/208
f 1384/1/209 1344/1/208 1343/1/210
f 1383/1/211 1384/1/209 1343/1/210
f 1383/1/211 1343/1/210 1342/1/212
f 1382/1/378 1383/1/211 1342/1/212
f 1382/1/378 1342/1/212 1341/1/214
f 1381/1/215 1382/1/378 1341/1/214
f 1381/1/215 1341/1/214 1340/1/216
f 1380/1/217 1381/1/215 1340/1/216
f 1380/1/217 1340/1/216 1339/1/218
f 1379/1/219 1339/1/218 1338/1/220
f 1379/1/219 1380/1/217 1339/1/218
f 1378/1/379 1338/1/220 1337/1/222
f 1378/1/379 1379/1/219 1338/1/220
f 1377/1/223 1337/1/222 1336/1/224
f 1377/1/223 1378/1/379 1337/1/222
f 1376/1/225 1336/1/224 1335/1/226
f 1376/1/225 1377/1/223 1336/1/224
f 1375/1/227 1335/1/226 1334/1/380
f 1375/1/227 1376/1/225 1335/1/226
f 1374/1/229 1334/1/380 1333/1/230
f 1374/1/229 1375/1/227 1334/1/380
f 1373/1/231 1333/1/230 1332/1/232
f 1373/1/231 1374/1/229 1333/1/230
f 1372/1/233 1332/1/232 1331/1/234
f 1372/1/233 1373/1/231 1332/1/232
f 1371/1/235 1331/1/234 1330/1/236
f 1371/1/235 1372/1/233 1331/1/234
f 1370/1/237 1330/1/236 1329/1/238
f 1370/1/237 1371/1/235 1330/1/236
f 1369/1/239 1329/1/238 1328/1/240
f 1369/1/239 1370/1/237 1329/1/238
f 1368/1/241 1328/1/240 1327/1/381
f 1368/1/241 1369/1/239 1328/1/240
f 1367/1/243 1327/1/381 1326/1/244
f 1367/1/243 1368/1/241 1327/1/381
f 1366/1/245 1326/1/244 1325/1/246
f 1366/1/245 1367/1/243 1326/1/244
f 1365/1/247 1325/1/246 1324/1/248
f 1365/1/247 1366/1/245 1325/1/246
f 1364/1/249 1324/1/248 1323/1/250
f 1364/1/249 1365/1/247 1324/1/248
f 1363/1/251 1323/1/250 1322/1/252
f 1363/1/251 1364/1/249 1323/1/250
f 1362/1/253 1322/1/252 1321/1/254
f 1362/1/253 1363/1/251 1322/1/252
f 1361/1/255 1362/1/253 1321/1/254
f 1361/1/255 1321/1/254 1320/1/256
f 1360/1/382 1361/1/255 1320/1/256
f 1360/1/382 1320/1/256 1319/1/383
f 1359/1/384 1319/1/383 1318/1/385
f 1359/1/384 1360/1/382 1319/1/383
f 1358/1/386 1359/1/384 1318/1/385
f 1358/1/386 1318/1/385 1317/1/387
f 1357/1/388 1317/1/387 1316/1/389
f 1357/1/388 1358/1/386 1317/1/387
f 1356/1/390 1316/1/389 1315/1/391
f 1356/1/390 1357/1/388 1316/1/389
f 1355/1/263 1315/1/391 1314/1/264
f 1355/1/263 1356/1/390 1315/1/391
f 1354/1/265 1314/1/264 1313/1/266
f 1354/1/265 1355/1/263 1314/1/264
f 1353/1/267 1313/1/266 1312/1/268
f 1353/1/267 1354/1/265 1313/1/266
f 1352/1/392 1312/1/268 1311/1/393
f 1352/1/392 1353/1/267 1312/1/268
f 1351/1/394 1311/1/393 1310/1/395
f 1351/1/394 1352/1/392 1311/1/393
f 1350/1/272 1310/1/395 1309/1/272
f 1350/1/272 1351/1/394 1310/1/395
f 1472/1/274 1431/1/274 1430/1/396
f 1471/1/397 1472/1/274 1430/1/396
f 1470/1/276 1430/1/396 1429/1/277
f 1470/1/276 1471/1/397 1430/1/396
f 1469/1/278 1429/1/277 1428/1/279
f 1469/1/278 1470/1/276 1429/1/277
f 1468/1/280 1469/1/278 1428/1/279
f 1468/1/280 1428/1/279 1427/1/281
f 1467/1/282 1468/1/280 1427/1/281
f 1467/1/282 1427/1/281 1426/1/283
f 1466/1/284 1467/1/282 1426/1/283
f 1466/1/284 1426/1/283 1425/1/285
f 1465/1/398 1466/1/284 1425/1/285
f 1465/1/398 1424/1/398 1423/1/288
f 1465/1/398 1425/1/285 1424/1/398
f 1464/1/289 1465/1/398 1423/1/288
f 1464/1/289 1423/1/288 1422/1/290
f 1463/1/291 1464/1/289 1422/1/290
f 1463/1/291 1422/1/290 1421/1/399
f 1462/1/293 1463/1/291 1421/1/399
f 1462/1/293 1421/1/399 1420/1/294
f 1461/1/400 1420/1/294 1419/1/401
f 1461/1/400 1462/1/293 1420/1/294
f 1460/1/297 1419/1/401 1418/1/298
f 1460/1/297 1461/1/400 1419/1/401
f 1459/1/299 1418/1/298 1417/1/300
f 1459/1/299 1460/1/297 1418/1/298
f 1458/1/301 1417/1/300 1416/1/302
f 1458/1/301 1459/1/299 1417/1/300
f 1457/1/303 1416/1/302 1415/1/304
f 1457/1/303 1458/1/301 1416/1/302
f 1456/1/305 1415/1/304 1414/1/306
f 1456/1/305 1457/1/303 1415/1/304
f 1455/1/307 1414/1/306 1413/1/308
f 1455/1/307 1456/1/305 1414/1/306
f 1454/1/309 1413/1/308 1412/1/310
f 1454/1/309 1455/1/307 1413/1/308
f 1453/1/311 1412/1/310 1411/1/312
f 1453/1/311 1454/1/309 1412/1/310
f 1452/1/313 1411/1/312 1410/1/314
f 1452/1/313 1453/1/311 1411/1/312
f 1451/1/315 1410/1/314 1409/1/316
f 1451/1/315 1452/1/313 1410/1/314
f 1450/1/317 1409/1/316 1408/1/318
f 1450/1/317 1451/1/315 1409/1/316
f 1449/1/319 1408/1/318 1407/1/320
f 1449/1/319 1450/1/317 1408/1/318
f 1448/1/321 1407/1/320 1406/1/322
f 1448/1/321 1449/1/319 1407/1/320
f 1447/1/323 1406/1/322 1405/1/324
f 1447/1/323 1448/1/321 1406/1/322
f 1446/1/325 1405/1/324 1404/1/326
f 1446/1/325 1447/1/323 1405/1/324
f 1445/1/327 1404/1/326 1403/1/328
f 1445/1/327 1446/1/325 1404/1/326
f 1444/1/402 1403/1/328 1402/1/330
f 1444/1/402 1445/1/327 1403/1/328
f 1443/1/331 1444/1/402 1402/1/330
f 1443/1/331 1402/1/330 1401/1/403
f 1442/1/403 1443/1/331 1401/1/403
f 1441/1/404 1442/1/403 1401/1/403
f 1441/1/404 1400/1/404 1399/1/336
f 1441/1/404 1401/1/403 1400/1/404
f 1440/1/337 1399/1/336 1398/1/338
f 1440/1/337 1441/1/404 1399/1/336
f 1439/1/339 1398/1/338 1397/1/340
f 1439/1/339 1440/1/337 1398/1/338
f 1438/1/341 1397/1/340 1396/1/342
f 1438/1/341 1439/1/339 1397/1/340
f 1437/1/343 1396/1/342 1395/1/405
f 1437/1/343 1438/1/341 1396/1/342
f 1436/1/405 1437/1/343 1395/1/405
f 1435/1/406 1394/1/406 1393/1/407
f 1435/1/406 1395/1/405 1394/1/406
f 1435/1/406 1436/1/405 1395/1/405
f 1434/1/407 1435/1/406 1393/1/407
f 1433/1/408 1393/1/407 1392/1/409
f 1433/1/408 1434/1/407 1393/1/407
f 1432/1/352 1392/1/409 1391/1/352
f 1432/1/352 1433/1/408 1392/1/409
f 1475/1/353 1483/1/353 1484/1/354
f 1476/1/354 1475/1/353 1484/1/354
f 1477/1/355 1484/1/354 1485/1/356
f 1477/1/355 1476/1/354 1484/1/354
f 1478/1/357 1485/1/356 1486/1/357
f 1478/1/357 1486/1/357 1487/1/358
f 1478/1/357 1477/1/355 1485/1/356
f 1479/1/358 1478/1/357 1487/1/358
f 1480/1/359 1487/1/358 1488/1/359
f 1480/1/359 1488/1/359 1489/1/410
f 1480/1/359 1479/1/358 1487/1/358
f 1481/1/411 1489/1/410 1490/1/412
f 1481/1/411 1480/1/359 1489/1/410
f 1482/1/412 1481/1/411 1490/1/412
f 1474/1/363 1490/1/412 1473/1/363
f 1474/1/363 1482/1/412 1490/1/412
f 1581/1/413 1579/1/183 1578/1/3
f 1581/1/413 1580/1/3 1579/1/183
f 1582/1/184 1581/1/413 1578/1/3
f 1582/1/184 1578/1/3 1577/1/3
f 1583/1/3 1582/1/184 1577/1/3
f 1583/1/3 1577/1/3 1576/1/3
f 1584/1/183 1583/1/3 1576/1/3
f 1584/1/183 1576/1/3 1575/1/3
f 1585/1/3 1584/1/183 1575/1/3
f 1585/1/3 1575/1/3 1574/1/3
f 1586/1/3 1585/1/3 1574/1/3
f 1586/1/3 1574/1/3 1573/1/3
f 1491/1/3 1586/1/3 1573/1/3
f 1491/1/3 1567/1/3 1566/1/3
f 1491/1/3 1568/1/3 1567/1/3
f 1491/1/3 1569/1/3 1568/1/3
f 1491/1/3 1570/1/3 1569/1/3
f 1491/1/3 1571/1/3 1570/1/3
f 1491/1/3 1572/1/3 1571/1/3
f 1491/1/3 1573/1/3 1572/1/3
f 1565/1/3 1491/1/3 1566/1/3
f 1564/1/3 1491/1/3 1565/1/3
f 1563/1/3 1491/1/3 1564/1/3
f 1562/1/3 1491/1/3 1563/1/3
f 1561/1/3 1491/1/3 1562/1/3
f 1560/1/3 1491/1/3 1561/1/3
f 1559/1/3 1491/1/3 1560/1/3
f 1558/1/3 1491/1/3 1559/1/3
f 1557/1/3 1491/1/3 1558/1/3
f 1556/1/3 1491/1/3 1557/1/3
f 1555/1/3 1491/1/3 1556/1/3
f 1554/1/3 1491/1/3 1555/1/3
f 1553/1/3 1491/1/3 1554/1/3
f 1552/1/3 1491/1/3 1553/1/3
f 1551/1/3 1491/1/3 1552/1/3
f 1550/1/3 1491/1/3 1551/1/3
f 1549/1/3 1491/1/3 1550/1/3
f 1548/1/3 1491/1/3 1549/1/3
f 1547/1/3 1491/1/3 1548/1/3
f 1546/1/3 1492/1/3 1491/1/3
f 1546/1/3 1491/1/3 1547/1/3
f 1545/1/3 1492/1/3 1546/1/3
f 1493/1/3 1492/1/3 1545/1/3
f 1544/1/3 1493/1/3 1545/1/3
f 1494/1/3 1493/1/3 1544/1/3
f 1543/1/3 1494/1/3 1544/1/3
f 1495/1/3 1494/1/3 1543/1/3
f 1542/1/3 1495/1/3 1543/1/3
f 1496/1/3 1495/1/3 1542/1/3
f 1541/1/3 1496/1/3 1542/1/3
f 1497/1/3 1496/1/3 1541/1/3
f 1540/1/3 1497/1/3 1541/1/3
f 1540/1/3 1498/1/3 1497/1/3
f 1502/1/3 1500/1/3 1499/1/3
f 1502/1/3 1501/1/414 1500/1/3
f 1505/1/3 1504/1/185 1503/1/3
f 1506/1/184 1503/1/3 1502/1/3
f 1506/1/184 1505/1/3 1503/1/3
f 1507/1/183 1506/1/184 1502/1/3
f 1508/1/3 1502/1/3 1499/1/3
f 1508/1/3 1507/1/183 1502/1/3
f 1509/1/3 1508/1/3 1499/1/3
f 1511/1/3 1510/1/415 1509/1/3
f 1512/1/3 1509/1/3 1499/1/3
f 1512/1/3 1511/1/3 1509/1/3
f 1515/1/184 1513/1/183 1512/1/3
f 1515/1/184 1514/1/3 1513/1/183
f 1517/1/3 1516/1/369 1515/1/184
f 1517/1/3 1512/1/3 1499/1/3
f 1517/1/3 1515/1/184 1512/1/3
f 1539/1/3 1498/1/3 1540/1/3
f 1539/1/3 1499/1/3 1498/1/3
f 1537/1/3 1499/1/3 1539/1/3
f 1537/1/3 1539/1/3 1538/1/3
f 1520/1/3 1518/1/3 1517/1/3
f 1520/1/3 1519/1/3 1518/1/3
f 1522/1/3 1521/1/369 1520/1/3
f 1522/1/3 1517/1/3 1499/1/3
f 1522/1/3 1520/1/3 1517/1/3
f 1534/1/3 1536/1/416 1535/1/417
f 1534/1/3 1537/1/3 1536/1/416
f 1534/1/3 1499/1/3 1537/1/3
f 1533/1/3 1499/1/3 1534/1/3
f 1524/1/184 1523/1/369 1522/1/3
f 1531/1/3 1533/1/3 1532/1/373
f 1531/1/3 1499/1/3 1533/1/3
f 1526/1/3 1525/1/3 1524/1/184
f 1526/1/3 1522/1/3 1499/1/3
f 1526/1/3 1524/1/184 1522/1/3
f 1530/1/3 1499/1/3 1531/1/3
f 1529/1/3 1499/1/3 1530/1/3
f 1528/1/3 1527/1/3 1526/1/3
f 1528/1/3 1526/1/3 1499/1/3
f 1528/1/3 1499/1/3 1529/1/3
f 1620/1/10 1619/1/5 1618/1/5
f 1617/1/5 1620/1/10 1618/1/5
f 1614/1/9 1616/1/18 1615/1/5
f 1614/1/9 1617/1/5 1616/1/18
f 1626/1/5 1623/1/418 1622/1/9
f 1626/1/5 1624/1/5 1623/1/418
f 1626/1/5 1625/1/5 1624/1/5
f 1627/1/5 1626/1/5 1622/1/9
f 1628/1/5 1627/1/5 1622/1/9
f 1629/1/5 1614/1/9 1613/1/5
f 1629/1/5 1621/1/8 1620/1/10
f 1629/1/5 1622/1/9 1621/1/8
f 1629/1/5 1620/1/10 1617/1/5
f 1629/1/5 1628/1/5 1622/1/9
f 1629/1/5 1617/1/5 1614/1/9
f 1612/1/5 1629/1/5 1613/1/5
f 1630/1/5 1632/1/5 1631/1/5
f 1630/1/5 1629/1/5 1612/1/5
f 1636/1/5 1611/1/5 1610/1/5
f 1635/1/5 1612/1/5 1611/1/5
f 1635/1/5 1630/1/5 1612/1/5
f 1635/1/5 1611/1/5 1636/1/5
f 1634/1/5 1610/1/5 1609/1/5
f 1634/1/5 1636/1/5 1610/1/5
f 1608/1/5 1634/1/5 1609/1/5
f 1633/1/5 1634/1/5 1608/1/5
f 1607/1/5 1633/1/5 1608/1/5
f 1602/1/15 1604/1/418 1603/1/5
f 1602/1/15 1605/1/10 1604/1/418
f 1601/1/11 1605/1/10 1602/1/15
f 1601/1/11 1606/1/5 1605/1/10
f 1598/1/5 1600/1/6 1599/1/5
f 1598/1/5 1601/1/11 1600/1/6
f 1598/1/5 1606/1/5 1601/1/11
f 1595/1/19 1597/1/419 1596/1/420
f 1595/1/19 1598/1/5 1597/1/419
f 1593/1/420 1595/1/19 1594/1/421
f 1592/1/9 1595/1/19 1593/1/420
f 1591/1/19 1606/1/5 1598/1/5
f 1591/1/19 1598/1/5 1595/1/19
f 1591/1/19 1595/1/19 1592/1/9
f 1590/1/10 1607/1/5 1606/1/5
f 1590/1/10 1606/1/5 1591/1/19
f 1589/1/5 1633/1/5 1607/1/5
f 1589/1/5 1607/1/5 1590/1/10
f 1587/1/5 1589/1/5 1588/1/5
f 1632/1/5 1589/1/5 1587/1/5
f 1632/1/5 1630/1/5 1589/1/5
f 1630/1/5 1635/1/5 1589/1/5
f 1635/1/5 1633/1/5 1589/1/5
f 1637/1/2 1640/1/2 1639/1/2
f 1638/1/2 1640/1/2 1637/1/2
f 1642/1/422 1643/1/422 1644/1/422
f 1641/1/422 1643/1/422 1642/1/422
f 1648/1/422 1645/1/422 1646/1/422
f 1648/1/422 1646/1/422 1647/1/422
f 1652/1/423 1649/1/423 1650/1/423
f 1652/1/423 1650/1/423 1651/1/423
f 1654/1/423 1655/1/423 1656/1/423
f 1653/1/423 1655/1/423 1654/1/423
f 1658/1/424 1667/1/425 1657/1/425
f 1658/1/424 1668/1/426 1667/1/425
f 1658/1/424 1669/1/427 1668/1/426
f 1659/1/427 1669/1/427 1658/1/424
f 1660/1/428 1670/1/428 1669/1/427
f 1660/1/428 1671/1/429 1670/1/428
f 1660/1/428 1669/1/427 1659/1/427
f 1661/1/429 1671/1/429 1660/1/428
f 1662/1/430 1672/1/431 1671/1/429
f 1662/1/430 1671/1/429 1661/1/429
f 1663/1/432 1673/1/433 1672/1/431
f 1663/1/432 1672/1/431 1662/1/430
f 1664/1/434 1674/1/435 1673/1/433
f 1664/1/434 1673/1/433 1663/1/432
f 1665/1/436 1675/1/436 1674/1/435
f 1665/1/436 1676/1/437 1675/1/436
f 1665/1/436 1674/1/435 1664/1/434
f 1666/1/437 1676/1/437 1665/1/436
f 1678/1/438 1701/1/439 1677/1/439
f 1678/1/438 1702/1/440 1701/1/439
f 1679/1/441 1703/1/442 1702/1/440
f 1679/1/441 1702/1/440 1678/1/438
f 1680/1/443 1704/1/443 1703/1/442
f 1680/1/443 1705/1/444 1704/1/443
f 1680/1/443 1703/1/442 1679/1/441
f 1681/1/444 1705/1/444 1680/1/443
f 1682/1/445 1706/1/446 1705/1/444
f 1682/1/445 1705/1/444 1681/1/444
f 1683/1/447 1707/1/448 1706/1/446
f 1683/1/447 1706/1/446 1682/1/445
f 1684/1/449 1708/1/450 1707/1/448
f 1684/1/449 1707/1/448 1683/1/447
f 1685/1/451 1709/1/451 1708/1/450
f 1685/1/451 1710/1/452 1709/1/451
f 1685/1/451 1708/1/450 1684/1/449
f 1686/1/452 1710/1/452 1685/1/451
f 1687/1/453 1711/1/453 1710/1/452
f 1687/1/453 1712/1/454 1711/1/453
f 1687/1/453 1710/1/452 1686/1/452
f 1688/1/454 1712/1/454 1687/1/453
f 1689/1/455 1713/1/456 1712/1/454
f 1689/1/455 1712/1/454 1688/1/454
f 1690/1/457 1713/1/456 1689/1/455
f 1690/1/457 1714/1/458 1713/1/456
f 1691/1/459 1714/1/458 1690/1/457
f 1691/1/459 1715/1/460 1714/1/458
f 1692/1/461 1715/1/460 1691/1/459
f 1692/1/461 1716/1/461 1715/1/460
f 1692/1/461 1717/1/462 1716/1/461
f 1693/1/463 1717/1/462 1692/1/461
f 1693/1/463 1718/1/464 1717/1/462
f 1694/1/464 1718/1/464 1693/1/463
f 1695/1/465 1718/1/464 1694/1/464
f 1695/1/465 1719/1/466 1718/1/464
f 1696/1/467 1719/1/466 1695/1/465
f 1696/1/467 1720/1/468 1719/1/466
f 1697/1/469 1720/1/468 1696/1/467
f 1697/1/469 1721/1/470 1720/1/468
f 1698/1/471 1721/1/470 1697/1/469
f 1698/1/471 1722/1/471 1721/1/470
f 1698/1/471 1723/1/472 1722/1/471
f 1699/1/472 1723/1/472 1698/1/471
f 1700/1/473 1723/1/472 1699/1/472
f 1700/1/473 1724/1/473 1723/1/472
f 1726/1/474 1736/1/475 1725/1/475
f 1726/1/474 1737/1/476 1736/1/475
f 1726/1/474 1738/1/477 1737/1/476
f 1727/1/478 1739/1/479 1738/1/477
f 1727/1/478 1738/1/477 1726/1/474
f 1728/1/480 1740/1/481 1739/1/479
f 1728/1/480 1739/1/479 1727/1/478
f 1729/1/482 1741/1/483 1740/1/481
f 1729/1/482 1740/1/481 1728/1/480
f 1730/1/484 1742/1/485 1741/1/483
f 1730/1/484 1741/1/483 1729/1/482
f 1731/1/486 1743/1/231 1742/1/485
f 1731/1/486 1742/1/485 1730/1/484
f 1732/1/487 1744/1/488 1743/1/231
f 1732/1/487 1743/1/231 1731/1/486
f 1733/1/489 1745/1/490 1744/1/488
f 1733/1/489 1744/1/488 1732/1/487
f 1734/1/491 1746/1/492 1745/1/490
f 1734/1/491 1745/1/490 1733/1/489
f 1735/1/493 1746/1/492 1734/1/491
f 1747/1/494 1768/1/495 1758/1/496
f 1748/1/497 1767/1/498 1768/1/495
f 1748/1/497 1768/1/495 1747/1/494
f 1749/1/499 1766/1/500 1767/1/498
f 1749/1/499 1767/1/498 1748/1/497
f 1750/1/501 1765/1/502 1766/1/500
f 1750/1/501 1766/1/500 1749/1/499
f 1751/1/503 1764/1/504 1765/1/502
f 1751/1/503 1765/1/502 1750/1/501
f 1752/1/505 1763/1/506 1764/1/504
f 1752/1/505 1764/1/504 1751/1/503
f 1753/1/507 1762/1/508 1763/1/506
f 1753/1/507 1763/1/506 1752/1/505
f 1754/1/509 1761/1/510 1762/1/508
f 1754/1/509 1762/1/508 1753/1/507
f 1755/1/511 1760/1/512 1761/1/510
f 1755/1/511 1761/1/510 1754/1/509
f 1756/1/513 1759/1/514 1760/1/512
f 1756/1/513 1760/1/512 1755/1/511
f 1757/1/515 1759/1/514 1756/1/513
f 1770/1/516 1793/1/517 1769/1/518
f 1770/1/516 1816/1/519 1793/1/517
f 1771/1/520 1815/1/521 1816/1/519
f 1771/1/520 1816/1/519 1770/1/516
f 1772/1/522 1814/1/523 1815/1/521
f 1772/1/522 1815/1/521 1771/1/520
f 1773/1/524 1813/1/525 1814/1/523
f 1773/1/524 1814/1/523 1772/1/522
f 1774/1/526 1812/1/527 1813/1/525
f 1774/1/526 1813/1/525 1773/1/524
f 1775/1/528 1811/1/529 1812/1/527
f 1775/1/528 1812/1/527 1774/1/526
f 1776/1/530 1810/1/531 1811/1/529
f 1776/1/530 1811/1/529 1775/1/528
f 1777/1/532 1809/1/533 1810/1/531
f 1777/1/532 1810/1/531 1776/1/530
f 1778/1/534 1808/1/535 1809/1/533
f 1778/1/534 1809/1/533 1777/1/532
f 1779/1/536 1807/1/537 1808/1/535
f 1779/1/536 1808/1/535 1778/1/534
f 1780/1/538 1806/1/539 1807/1/537
f 1780/1/538 1807/1/537 1779/1/536
f 1781/1/540 1805/1/541 1806/1/539
f 1781/1/540 1806/1/539 1780/1/538
f 1782/1/542 1805/1/541 1781/1/540
f 1782/1/542 1804/1/543 1805/1/541
f 1783/1/544 1804/1/543 1782/1/542
f 1783/1/544 1803/1/545 1804/1/543
f 1784/1/546 1803/1/545 1783/1/544
f 1784/1/546 1802/1/547 1803/1/545
f 1785/1/548 1802/1/547 1784/1/546
f 1785/1/548 1801/1/549 1802/1/547
f 1786/1/550 1801/1/549 1785/1/548
f 1786/1/550 1800/1/551 1801/1/549
f 1787/1/552 1800/1/551 1786/1/550
f 1787/1/552 1799/1/553 1800/1/551
f 1788/1/554 1798/1/555 1799/1/553
f 1788/1/554 1799/1/553 1787/1/552
f 1789/1/556 1797/1/557 1798/1/555
f 1789/1/556 1798/1/555 1788/1/554
f 1790/1/558 1796/1/559 1797/1/557
f 1790/1/558 1797/1/557 1789/1/556
f 1791/1/560 1795/1/561 1796/1/559
f 1791/1/560 1796/1/559 1790/1/558
f 1792/1/562 1794/1/563 1795/1/561
f 1792/1/562 1795/1/561 1791/1/560
f 1828/1/564 1825/1/565 1826/1/566
f 1829/1/567 1824/1/568 1825/1/565
f 1829/1/567 1825/1/565 1828/1/564
f 1830/1/569 1823/1/570 1824/1/568
f 1830/1/569 1824/1/568 1829/1/567
f 1831/1/571 1822/1/572 1823/1/570
f 1831/1/571 1823/1/570 1830/1/569
f 1832/1/573 1821/1/574 1822/1/572
f 1832/1/573 1822/1/572 1831/1/571
f 1833/1/575 1820/1/576 1821/1/574
f 1833/1/575 1821/1/574 1832/1/573
f 1834/1/577 1819/1/578 1820/1/576
f 1834/1/577 1820/1/576 1833/1/575
f 1835/1/579 1818/1/580 1819/1/578
f 1835/1/579 1819/1/578 1834/1/577
f 1836/1/581 1817/1/582 1818/1/580
f 1836/1/581 1818/1/580 1835/1/579
f 1827/1/583 1817/1/582 1836/1/581
f 1838/1/584 1846/1/585 1837/1/585
f 1838/1/584 1847/1/586 1846/1/585
f 1839/1/587 1848/1/588 1847/1/586
f 1839/1/587 1847/1/586 1838/1/584
f 1840/1/589 1849/1/590 1848/1/588
f 1840/1/589 1848/1/588 1839/1/587
f 1841/1/591 1850/1/591 1849/1/590
f 1841/1/591 1851/1/592 1850/1/591
f 1841/1/591 1849/1/590 1840/1/589
f 1842/1/593 1852/1/594 1851/1/592
f 1842/1/593 1851/1/592 1841/1/591
f 1843/1/595 1853/1/596 1852/1/594
f 1843/1/595 1852/1/594 1842/1/593
f 1844/1/597 1854/1/598 1853/1/596
f 1844/1/597 1853/1/596 1843/1/595
f 1845/1/598 1854/1/598 1844/1/597
f 1856/1/599 1891/1/600 1855/1/599
f 1926/1/601 1890/1/602 1891/1/600
f 1926/1/601 1891/1/600 1856/1/599
f 1925/1/603 1889/1/604 1890/1/602
f 1925/1/603 1890/1/602 1926/1/601
f 1924/1/605 1888/1/606 1889/1/604
f 1924/1/605 1889/1/604 1925/1/603
f 1923/1/607 1887/1/608 1888/1/606
f 1923/1/607 1888/1/606 1924/1/605
f 1922/1/609 1886/1/610 1887/1/608
f 1922/1/609 1887/1/608 1923/1/607
f 1921/1/610 1886/1/610 1922/1/609
f 1920/1/611 1886/1/610 1921/1/610
f 1920/1/611 1884/1/612 1885/1/611
f 1920/1/611 1885/1/611 1886/1/610
f 1919/1/613 1884/1/612 1920/1/611
f 1919/1/613 1883/1/614 1884/1/612
f 1918/1/614 1883/1/614 1919/1/613
f 1917/1/615 1883/1/614 1918/1/614
f 1917/1/615 1882/1/616 1883/1/614
f 1916/1/617 1882/1/616 1917/1/615
f 1916/1/617 1881/1/618 1882/1/616
f 1915/1/619 1880/1/620 1881/1/618
f 1915/1/619 1881/1/618 1916/1/617
f 1914/1/621 1879/1/622 1880/1/620
f 1914/1/621 1880/1/620 1915/1/619
f 1913/1/623 1878/1/624 1879/1/622
f 1913/1/623 1879/1/622 1914/1/621
f 1912/1/625 1876/1/626 1877/1/627
f 1912/1/625 1877/1/627 1878/1/624
f 1912/1/625 1878/1/624 1913/1/623
f 1911/1/628 1875/1/629 1876/1/626
f 1911/1/628 1876/1/626 1912/1/625
f 1910/1/630 1874/1/631 1875/1/629
f 1910/1/630 1875/1/629 1911/1/628
f 1909/1/632 1873/1/633 1874/1/631
f 1909/1/632 1874/1/631 1910/1/630
f 1908/1/634 1873/1/633 1909/1/632
f 1907/1/635 1871/1/636 1872/1/635
f 1907/1/635 1872/1/635 1873/1/633
f 1907/1/635 1873/1/633 1908/1/634
f 1906/1/637 1870/1/638 1871/1/636
f 1906/1/637 1871/1/636 1907/1/635
f 1905/1/639 1870/1/638 1906/1/637
f 1904/1/640 1869/1/641 1870/1/638
f 1904/1/640 1870/1/638 1905/1/639
f 1903/1/642 1867/1/643 1868/1/644
f 1903/1/642 1868/1/644 1869/1/641
f 1903/1/642 1869/1/641 1904/1/640
f 1902/1/645 1867/1/643 1903/1/642
f 1901/1/646 1866/1/647 1867/1/643
f 1901/1/646 1867/1/643 1902/1/645
f 1900/1/648 1864/1/649 1865/1/650
f 1900/1/648 1865/1/650 1866/1/647
f 1900/1/648 1866/1/647 1901/1/646
f 1899/1/651 1864/1/649 1900/1/648
f 1898/1/652 1863/1/653 1864/1/649
f 1898/1/652 1864/1/649 1899/1/651
f 1897/1/654 1861/1/655 1862/1/654
f 1897/1/654 1862/1/654 1863/1/653
f 1897/1/654 1863/1/653 1898/1/652
f 1896/1/656 1861/1/655 1897/1/654
f 1895/1/657 1861/1/655 1896/1/656
f 1895/1/657 1860/1/658 1861/1/655
f 1894/1/659 1859/1/660 1860/1/658
f 1894/1/659 1860/1/658 1895/1/657
f 1893/1/661 1858/1/662 1859/1/660
f 1893/1/661 1859/1/660 1894/1/659
f 1892/1/663 1857/1/663 1858/1/662
f 1892/1/663 1858/1/662 1893/1/661
f 1928/1/664 1936/1/665 1927/1/665
f 1928/1/664 1937/1/666 1936/1/665
f 1929/1/667 1938/1/668 1937/1/666
f 1929/1/667 1937/1/666 1928/1/664
f 1930/1/669 1939/1/670 1938/1/668
f 1930/1/669 1938/1/668 1929/1/667
f 1931/1/671 1940/1/671 1939/1/670
f 1931/1/671 1941/1/672 1940/1/671
f 1931/1/671 1939/1/670 1930/1/669
f 1932/1/673 1942/1/674 1941/1/672
f 1932/1/673 1941/1/672 1931/1/671
f 1933/1/675 1943/1/676 1942/1/674
f 1933/1/675 1942/1/674 1932/1/673
f 1934/1/677 1944/1/678 1943/1/676
f 1934/1/677 1943/1/676 1933/1/675
f 1935/1/678 1944/1/678 1934/1/677
f 1946/1/679 1981/1/680 1945/1/679
f 2016/1/681 1980/1/682 1981/1/680
f 2016/1/681 1981/1/680 1946/1/679
f 2015/1/683 1979/1/684 1980/1/682
f 2015/1/683 1980/1/682 2016/1/681
f 2014/1/685 1978/1/686 1979/1/684
f 2014/1/685 1979/1/684 2015/1/683
f 2013/1/687 1977/1/688 1978/1/686
f 2013/1/687 1978/1/686 2014/1/685
f 2012/1/689 1976/1/690 1977/1/688
f 2012/1/689 1977/1/688 2013/1/687
f 2011/1/691 1976/1/690 2012/1/689
f 2011/1/691 1975/1/692 1976/1/690
f 2010/1/693 1975/1/692 2011/1/691
f 2010/1/693 1974/1/694 1975/1/692
f 2009/1/695 1974/1/694 2010/1/693
f 2009/1/695 1973/1/696 1974/1/694
f 2008/1/697 1973/1/696 2009/1/695
f 2008/1/697 1972/1/698 1973/1/696
f 2007/1/699 1972/1/698 2008/1/697
f 2007/1/699 1971/1/700 1972/1/698
f 2006/1/701 1971/1/700 2007/1/699
f 2006/1/701 1970/1/702 1971/1/700
f 2005/1/703 1969/1/704 1970/1/702
f 2005/1/703 1970/1/702 2006/1/701
f 2004/1/705 1969/1/704 2005/1/703
f 2004/1/705 1968/1/706 1969/1/704
f 2003/1/707 1967/1/708 1968/1/706
f 2003/1/707 1968/1/706 2004/1/705
f 2002/1/709 1966/1/710 1967/1/708
f 2002/1/709 1967/1/708 2003/1/707
f 2001/1/711 1965/1/712 1966/1/710
f 2001/1/711 1966/1/710 2002/1/709
f 2000/1/713 1964/1/714 1965/1/712
f 2000/1/713 1965/1/712 2001/1/711
f 1999/1/715 1963/1/716 1964/1/714
f 1999/1/715 1964/1/714 2000/1/713
f 1998/1/717 1962/1/718 1963/1/716
f 1998/1/717 1963/1/716 1999/1/715
f 1997/1/719 1961/1/720 1962/1/718
f 1997/1/719 1962/1/718 1998/1/717
f 1996/1/721 1960/1/722 1961/1/720
f 1996/1/721 1961/1/720 1997/1/719
f 1995/1/723 1959/1/724 1960/1/722
f 1995/1/723 1960/1/722 1996/1/721
f 1994/1/724 1959/1/724 1995/1/723
f 1993/1/725 1957/1/726 1958/1/727
f 1993/1/725 1958/1/727 1959/1/724
f 1993/1/725 1959/1/724 1994/1/724
f 1992/1/728 1956/1/729 1957/1/726
f 1992/1/728 1957/1/726 1993/1/725
f 1991/1/730 1956/1/729 1992/1/728
f 1990/1/731 1954/1/732 1955/1/733
f 1990/1/731 1955/1/733 1956/1/729
f 1990/1/731 1956/1/729 1991/1/730
f 1989/1/734 1953/1/735 1954/1/732
f 1989/1/734 1954/1/732 1990/1/731
f 1988/1/736 1952/1/737 1953/1/735
f 1988/1/736 1953/1/735 1989/1/734
f 1987/1/738 1951/1/739 1952/1/737
f 1987/1/738 1952/1/737 1988/1/736
f 1986/1/740 1951/1/739 1987/1/738
f 1986/1/740 1950/1/741 1951/1/739
f 1985/1/741 1950/1/741 1986/1/740
f 1984/1/742 1948/1/743 1949/1/744
f 1984/1/742 1949/1/744 1950/1/741
f 1984/1/742 1950/1/741 1985/1/741
f 1983/1/745 1948/1/743 1984/1/742
f 1982/1/746 1947/1/746 1948/1/743
f 1982/1/746 1948/1/743 1983/1/745
f 2028/1/1 2027/1/1 2026/1/1
f 2022/1/1 2024/1/1 2023/1/1
f 2022/1/1 2025/1/1 2024/1/1
f 2020/1/1 2025/1/1 2022/1/1
f 2020/1/1 2022/1/1 2021/1/1
f 2019/1/1 2025/1/1 2020/1/1
f 2019/1/1 2026/1/1 2025/1/1
f 2018/1/1 2026/1/1 2019/1/1
f 2018/1/1 2028/1/1 2026/1/1
f 2017/1/1 2029/1/1 2028/1/1
f 2017/1/1 2030/1/1 2029/1/1
f 2017/1/1 2031/1/1 2030/1/1
f 2017/1/1 2032/1/1 2031/1/1
f 2017/1/1 2028/1/1 2018/1/1
f 2017/1/1 2033/1/1 2032/1/1
f 2017/1/1 2034/1/1 2033/1/1
f 2044/1/1 2043/1/1 2042/1/1
f 2047/1/1 2045/1/1 2044/1/1
f 2047/1/1 2046/1/1 2045/1/1
f 2048/1/1 2044/1/1 2042/1/1
f 2048/1/1 2047/1/1 2044/1/1
f 2049/1/1 2048/1/1 2042/1/1
f 2049/1/1 2042/1/1 2041/1/1
f 2051/1/1 2049/1/1 2041/1/1
f 2051/1/1 2041/1/1 2040/1/1
f 2051/1/1 2050/1/1 2049/1/1
f 2052/1/1 2034/1/1 2017/1/1
f 2052/1/1 2035/1/1 2034/1/1
f 2052/1/1 2036/1/1 2035/1/1
f 2052/1/1 2037/1/1 2036/1/1
f 2052/1/1 2038/1/1 2037/1/1
f 2052/1/1 2039/1/1 2038/1/1
f 2052/1/1 2040/1/1 2039/1/1
f 2052/1/1 2051/1/1 2040/1/1
f 2052/1/1 2017/1/1 2060/1/1
f 2096/1/1 2060/1/1 2059/1/1
f 2096/1/1 2052/1/1 2060/1/1
f 2097/1/1 2059/1/1 2058/1/1
f 2097/1/1 2096/1/1 2059/1/1
f 2098/1/1 2097/1/1 2058/1/1
f 2057/1/1 2098/1/1 2058/1/1
f 2099/1/1 2098/1/1 2057/1/1
f 2056/1/1 2099/1/1 2057/1/1
f 2100/1/1 2056/1/1 2055/1/1
f 2100/1/1 2099/1/1 2056/1/1
f 2101/1/1 2055/1/1 2054/1/1
f 2101/1/1 2100/1/1 2055/1/1
f 2102/1/1 2054/1/1 2053/1/1
f 2102/1/1 2101/1/1 2054/1/1
f 2094/1/1 2053/1/1 2095/1/1
f 2091/1/1 2093/1/1 2092/1/1
f 2091/1/1 2094/1/1 2093/1/1
f 2091/1/1 2053/1/1 2094/1/1
f 2090/1/1 2053/1/1 2091/1/1
f 2087/1/1 2089/1/1 2088/1/1
f 2087/1/1 2090/1/1 2089/1/1
f 2086/1/1 2053/1/1 2090/1/1
f 2086/1/1 2090/1/1 2087/1/1
f 2084/1/1 2053/1/1 2086/1/1
f 2084/1/1 2086/1/1 2085/1/1
f 2081/1/1 2053/1/1 2084/1/1
f 2081/1/1 2083/1/1 2082/1/1
f 2081/1/1 2084/1/1 2083/1/1
f 2061/1/1 2102/1/1 2053/1/1
f 2078/1/1 2053/1/1 2081/1/1
f 2078/1/1 2080/1/1 2079/1/1
f 2078/1/1 2081/1/1 2080/1/1
f 2076/1/1 2053/1/1 2078/1/1
f 2076/1/1 2078/1/1 2077/1/1
f 2064/1/1 2063/1/1 2062/1/1
f 2074/1/1 2076/1/1 2075/1/1
f 2066/1/1 2065/1/1 2064/1/1
f 2073/1/1 2061/1/1 2053/1/1
f 2073/1/1 2053/1/1 2076/1/1
f 2073/1/1 2076/1/1 2074/1/1
f 2067/1/1 2064/1/1 2062/1/1
f 2067/1/1 2066/1/1 2064/1/1
f 2070/1/1 2061/1/1 2073/1/1
f 2070/1/1 2067/1/1 2062/1/1
f 2070/1/1 2062/1/1 2061/1/1
f 2070/1/1 2068/1/1 2067/1/1
f 2070/1/1 2069/1/1 2068/1/1
f 2070/1/1 2072/1/1 2071/1/1
f 2070/1/1 2073/1/1 2072/1/1
f 2103/1/747 2120/1/748 2112/1/197
f 2104/1/749 2119/1/750 2120/1/748
f 2104/1/749 2120/1/748 2103/1/747
f 2105/1/751 2118/1/752 2119/1/750
f 2105/1/751 2119/1/750 2104/1/749
f 2106/1/753 2117/1/754 2118/1/752
f 2106/1/753 2118/1/752 2105/1/751
f 2107/1/755 2116/1/756 2117/1/754
f 2107/1/755 2117/1/754 2106/1/753
f 2108/1/757 2115/1/758 2116/1/756
f 2108/1/757 2116/1/756 2107/1/755
f 2109/1/759 2114/1/760 2115/1/758
f 2109/1/759 2115/1/758 2108/1/757
f 2110/1/761 2113/1/762 2114/1/760
f 2110/1/761 2114/1/760 2109/1/759
f 2111/1/598 2113/1/762 2110/1/761
f 2192/1/763 2121/1/764 2122/1/599
f 2192/1/763 2123/1/765 2121/1/764
f 2191/1/766 2124/1/767 2123/1/765
f 2191/1/766 2123/1/765 2192/1/763
f 2190/1/768 2125/1/769 2124/1/767
f 2190/1/768 2124/1/767 2191/1/766
f 2189/1/770 2126/1/771 2125/1/769
f 2189/1/770 2125/1/769 2190/1/768
f 2188/1/772 2127/1/773 2126/1/771
f 2188/1/772 2126/1/771 2189/1/770
f 2187/1/774 2128/1/775 2127/1/773
f 2187/1/774 2127/1/773 2188/1/772
f 2186/1/776 2128/1/775 2187/1/774
f 2186/1/776 2129/1/777 2128/1/775
f 2185/1/778 2130/1/779 2129/1/777
f 2185/1/778 2129/1/777 2186/1/776
f 2184/1/780 2131/1/781 2130/1/779
f 2184/1/780 2130/1/779 2185/1/778
f 2183/1/782 2132/1/783 2131/1/781
f 2183/1/782 2131/1/781 2184/1/780
f 2182/1/784 2132/1/783 2183/1/782
f 2182/1/784 2133/1/785 2132/1/783
f 2181/1/786 2134/1/787 2133/1/785
f 2181/1/786 2133/1/785 2182/1/784
f 2180/1/788 2135/1/789 2134/1/787
f 2180/1/788 2134/1/787 2181/1/786
f 2179/1/790 2136/1/791 2135/1/789
f 2179/1/790 2135/1/789 2180/1/788
f 2178/1/792 2137/1/793 2136/1/791
f 2178/1/792 2136/1/791 2179/1/790
f 2177/1/794 2138/1/795 2137/1/793
f 2177/1/794 2137/1/793 2178/1/792
f 2176/1/796 2139/1/797 2138/1/795
f 2176/1/796 2138/1/795 2177/1/794
f 2175/1/798 2140/1/799 2139/1/797
f 2175/1/798 2139/1/797 2176/1/796
f 2174/1/800 2141/1/801 2140/1/799
f 2174/1/800 2140/1/799 2175/1/798
f 2173/1/802 2142/1/803 2141/1/801
f 2173/1/802 2141/1/801 2174/1/800
f 2172/1/804 2143/1/805 2142/1/803
f 2172/1/804 2142/1/803 2173/1/802
f 2171/1/806 2144/1/807 2143/1/805
f 2171/1/806 2143/1/805 2172/1/804
f 2170/1/808 2145/1/809 2144/1/807
f 2170/1/808 2144/1/807 2171/1/806
f 2169/1/810 2146/1/811 2145/1/809
f 2169/1/810 2145/1/809 2170/1/808
f 2168/1/812 2147/1/813 2146/1/811
f 2168/1/812 2146/1/811 2169/1/810
f 2167/1/814 2148/1/815 2147/1/813
f 2167/1/814 2147/1/813 2168/1/812
f 2166/1/816 2149/1/817 2148/1/815
f 2166/1/816 2148/1/815 2167/1/814
f 2165/1/818 2150/1/819 2149/1/817
f 2165/1/818 2149/1/817 2166/1/816
f 2164/1/820 2151/1/821 2150/1/819
f 2164/1/820 2150/1/819 2165/1/818
f 2163/1/822 2152/1/823 2151/1/821
f 2163/1/822 2151/1/821 2164/1/820
f 2162/1/824 2153/1/825 2152/1/823
f 2162/1/824 2152/1/823 2163/1/822
f 2161/1/826 2153/1/825 2162/1/824
f 2161/1/826 2154/1/827 2153/1/825
f 2160/1/828 2154/1/827 2161/1/826
f 2160/1/828 2155/1/829 2154/1/827
f 2159/1/830 2155/1/829 2160/1/828
f 2159/1/830 2156/1/831 2155/1/829
f 2158/1/832 2156/1/831 2159/1/830
f 2158/1/832 2157/1/833 2156/1/831
f 2193/1/834 2210/1/835 2202/1/363
f 2194/1/836 2209/1/837 2210/1/835
f 2194/1/836 2210/1/835 2193/1/834
f 2195/1/838 2208/1/839 2209/1/837
f 2195/1/838 2209/1/837 2194/1/836
f 2196/1/840 2207/1/841 2208/1/839
f 2196/1/840 2208/1/839 2195/1/838
f 2197/1/842 2206/1/843 2207/1/841
f 2197/1/842 2207/1/841 2196/1/840
f 2198/1/844 2205/1/845 2206/1/843
f 2198/1/844 2206/1/843 2197/1/842
f 2199/1/846 2204/1/847 2205/1/845
f 2199/1/846 2205/1/845 2198/1/844
f 2200/1/848 2203/1/849 2204/1/847
f 2200/1/848 2204/1/847 2199/1/846
f 2201/1/678 2203/1/849 2200/1/848
f 2282/1/850 2211/1/851 2212/1/679
f 2282/1/850 2213/1/852 2211/1/851
f 2281/1/853 2214/1/854 2213/1/852
f 2281/1/853 2213/1/852 2282/1/850
f 2280/1/855 2215/1/856 2214/1/854
f 2280/1/855 2214/1/854 2281/1/853
f 2279/1/857 2216/1/858 2215/1/856
f 2279/1/857 2215/1/856 2280/1/855
f 2278/1/859 2217/1/860 2216/1/858
f 2278/1/859 2216/1/858 2279/1/857
f 2277/1/861 2218/1/862 2217/1/860
f 2277/1/861 2217/1/860 2278/1/859
f 2276/1/863 2218/1/862 2277/1/861
f 2276/1/863 2219/1/864 2218/1/862
f 2275/1/865 2220/1/866 2219/1/864
f 2275/1/865 2219/1/864 2276/1/863
f 2274/1/867 2221/1/868 2220/1/866
f 2274/1/867 2220/1/866 2275/1/865
f 2273/1/869 2222/1/870 2221/1/868
f 2273/1/869 2221/1/868 2274/1/867
f 2272/1/871 2222/1/870 2273/1/869
f 2272/1/871 2223/1/872 2222/1/870
f 2271/1/873 2224/1/874 2223/1/872
f 2271/1/873 2223/1/872 2272/1/871
f 2270/1/875 2225/1/876 2224/1/874
f 2270/1/875 2224/1/874 2271/1/873
f 2269/1/877 2226/1/878 2225/1/876
f 2269/1/877 2225/1/876 2270/1/875
f 2268/1/879 2227/1/880 2226/1/878
f 2268/1/879 2226/1/878 2269/1/877
f 2267/1/881 2228/1/882 2227/1/880
f 2267/1/881 2227/1/880 2268/1/879
f 2266/1/883 2229/1/884 2228/1/882
f 2266/1/883 2228/1/882 2267/1/881
f 2265/1/885 2230/1/886 2229/1/884
f 2265/1/885 2229/1/884 2266/1/883
f 2264/1/887 2231/1/888 2230/1/886
f 2264/1/887 2230/1/886 2265/1/885
f 2263/1/889 2232/1/890 2231/1/888
f 2263/1/889 2231/1/888 2264/1/887
f 2262/1/891 2233/1/892 2232/1/890
f 2262/1/891 2232/1/890 2263/1/889
f 2261/1/893 2234/1/894 2233/1/892
f 2261/1/893 2233/1/892 2262/1/891
f 2260/1/895 2235/1/896 2234/1/894
f 2260/1/895 2234/1/894 2261/1/893
f 2259/1/897 2236/1/898 2235/1/896
f 2259/1/897 2235/1/896 2260/1/895
f 2258/1/899 2237/1/900 2236/1/898
f 2258/1/899 2236/1/898 2259/1/897
f 2257/1/901 2238/1/902 2237/1/900
f 2257/1/901 2237/1/900 2258/1/899
f 2256/1/903 2239/1/904 2238/1/902
f 2256/1/903 2238/1/902 2257/1/901
f 2255/1/905 2240/1/906 2239/1/904
f 2255/1/905 2239/1/904 2256/1/903
f 2254/1/907 2241/1/908 2240/1/906
f 2254/1/907 2240/1/906 2255/1/905
f 2253/1/909 2242/1/910 2241/1/908
f 2253/1/909 2241/1/908 2254/1/907
f 2252/1/911 2243/1/912 2242/1/910
f 2252/1/911 2242/1/910 2253/1/909
f 2251/1/913 2243/1/912 2252/1/911
f 2251/1/913 2244/1/914 2243/1/912
f 2250/1/915 2244/1/914 2251/1/913
f 2250/1/915 2245/1/916 2244/1/914
f 2249/1/917 2245/1/916 2250/1/915
f 2249/1/917 2246/1/918 2245/1/916
f 2248/1/919 2246/1/918 2249/1/917
f 2248/1/919 2247/1/920 2246/1/918
f 2307/1/1 2308/1/1 2309/1/1
f 2312/1/1 2309/1/1 2310/1/1
f 2312/1/1 2310/1/1 2311/1/1
f 2314/1/1 2309/1/1 2312/1/1
f 2314/1/1 2312/1/1 2313/1/1
f 2315/1/1 2309/1/1 2314/1/1
f 2315/1/1 2307/1/1 2309/1/1
f 2316/1/1 2307/1/1 2315/1/1
f 2317/1/1 2307/1/1 2316/1/1
f 2317/1/1 2305/1/1 2306/1/1
f 2317/1/1 2306/1/1 2307/1/1
f 2318/1/1 2305/1/1 2317/1/1
f 2318/1/1 2300/1/1 2301/1/1
f 2318/1/1 2301/1/1 2302/1/1
f 2318/1/1 2302/1/1 2303/1/1
f 2318/1/1 2303/1/1 2304/1/1
f 2318/1/1 2304/1/1 2305/1/1
f 2290/1/1 2291/1/1 2292/1/1
f 2288/1/1 2289/1/1 2290/1/1
f 2286/1/1 2287/1/1 2288/1/1
f 2286/1/1 2290/1/1 2292/1/1
f 2286/1/1 2288/1/1 2290/1/1
f 2285/1/1 2292/1/1 2293/1/1
f 2285/1/1 2286/1/1 2292/1/1
f 2284/1/1 2293/1/1 2294/1/1
f 2284/1/1 2285/1/1 2293/1/1
f 2283/1/1 2294/1/1 2295/1/1
f 2283/1/1 2295/1/1 2296/1/1
f 2283/1/1 2296/1/1 2297/1/1
f 2283/1/1 2297/1/1 2298/1/1
f 2283/1/1 2298/1/1 2299/1/1
f 2283/1/1 2299/1/1 2300/1/1
f 2283/1/1 2300/1/1 2318/1/1
f 2283/1/1 2284/1/1 2294/1/1
f 2368/1/1 2318/1/1 2319/1/1
f 2368/1/1 2283/1/1 2318/1/1
f 2367/1/1 2368/1/1 2319/1/1
f 2320/1/1 2367/1/1 2319/1/1
f 2366/1/1 2367/1/1 2320/1/1
f 2321/1/1 2366/1/1 2320/1/1
f 2365/1/1 2321/1/1 2322/1/1
f 2365/1/1 2366/1/1 2321/1/1
f 2364/1/1 2365/1/1 2322/1/1
f 2323/1/1 2364/1/1 2322/1/1
f 2363/1/1 2364/1/1 2323/1/1
f 2324/1/1 2363/1/1 2323/1/1
f 2362/1/1 2324/1/1 2325/1/1
f 2362/1/1 2363/1/1 2324/1/1
f 2328/1/1 2326/1/1 2327/1/1
f 2329/1/1 2326/1/1 2328/1/1
f 2332/1/1 2329/1/1 2330/1/1
f 2332/1/1 2330/1/1 2331/1/1
f 2334/1/1 2332/1/1 2333/1/1
f 2335/1/1 2332/1/1 2334/1/1
f 2335/1/1 2329/1/1 2332/1/1
f 2335/1/1 2326/1/1 2329/1/1
f 2336/1/1 2326/1/1 2335/1/1
f 2338/1/1 2326/1/1 2336/1/1
f 2338/1/1 2336/1/1 2337/1/1
f 2339/1/1 2326/1/1 2338/1/1
f 2340/1/1 2326/1/1 2339/1/1
f 2342/1/1 2340/1/1 2341/1/1
f 2361/1/1 2325/1/1 2326/1/1
f 2361/1/1 2362/1/1 2325/1/1
f 2343/1/1 2326/1/1 2340/1/1
f 2343/1/1 2340/1/1 2342/1/1
f 2343/1/1 2361/1/1 2326/1/1
f 2358/1/1 2359/1/1 2360/1/1
f 2345/1/1 2343/1/1 2344/1/1
f 2357/1/1 2358/1/1 2360/1/1
f 2346/1/1 2343/1/1 2345/1/1
f 2356/1/1 2357/1/1 2360/1/1
f 2356/1/1 2360/1/1 2361/1/1
f 2347/1/1 2343/1/1 2346/1/1
f 2348/1/1 2343/1/1 2347/1/1
f 2354/1/1 2355/1/1 2356/1/1
f 2349/1/1 2361/1/1 2343/1/1
f 2349/1/1 2343/1/1 2348/1/1
f 2353/1/1 2354/1/1 2356/1/1
f 2351/1/1 2361/1/1 2349/1/1
f 2351/1/1 2356/1/1 2361/1/1
f 2351/1/1 2353/1/1 2356/1/1
f 2351/1/1 2349/1/1 2350/1/1
f 2351/1/1 2352/1/1 2353/1/1
f 2376/1/921 2377/1/922 2378/1/923
f 2376/1/921 2378/1/923 2379/1/924
f 2375/1/925 2379/1/924 2380/1/926
f 2375/1/925 2376/1/921 2379/1/924
f 2374/1/927 2380/1/926 2381/1/928
f 2374/1/927 2375/1/925 2380/1/926
f 2373/1/929 2381/1/928 2382/1/930
f 2373/1/929 2374/1/927 2381/1/928
f 2372/1/931 2382/1/930 2383/1/932
f 2372/1/931 2373/1/929 2382/1/930
f 2371/1/933 2383/1/932 2384/1/934
f 2371/1/933 2372/1/931 2383/1/932
f 2370/1/935 2384/1/934 2385/1/936
f 2370/1/935 2371/1/933 2384/1/934
f 2369/1/937 2385/1/936 2386/1/938
f 2369/1/937 2370/1/935 2385/1/936
f 2388/1/939 2387/1/940 2406/1/941
f 2408/1/942 2405/1/943 2404/1/944
f 2408/1/942 2406/1/941 2405/1/943
f 2408/1/942 2388/1/939 2406/1/941
f 2409/1/945 2404/1/944 2403/1/946
f 2409/1/945 2408/1/942 2404/1/944
f 2410/1/947 2403/1/946 2402/1/948
f 2410/1/947 2409/1/945 2403/1/946
f 2411/1/949 2402/1/948 2401/1/950
f 2411/1/949 2410/1/947 2402/1/948
f 2412/1/951 2401/1/950 2400/1/952
f 2412/1/951 2411/1/949 2401/1/950
f 2413/1/953 2400/1/952 2399/1/954
f 2413/1/953 2412/1/951 2400/1/952
f 2414/1/955 2399/1/954 2398/1/956
f 2414/1/955 2413/1/953 2399/1/954
f 2415/1/957 2398/1/956 2397/1/958
f 2415/1/957 2414/1/955 2398/1/956
f 2416/1/959 2397/1/958 2396/1/960
f 2416/1/959 2415/1/957 2397/1/958
f 2417/1/961 2396/1/960 2395/1/962
f 2417/1/961 2416/1/959 2396/1/960
f 2418/1/963 2395/1/962 2394/1/964
f 2418/1/963 2417/1/961 2395/1/962
f 2419/1/965 2394/1/964 2393/1/966
f 2419/1/965 2418/1/963 2394/1/964
f 2420/1/967 2393/1/966 2392/1/968
f 2420/1/967 2419/1/965 2393/1/966
f 2421/1/969 2420/1/967 2392/1/968
f 2421/1/969 2392/1/968 2391/1/970
f 2422/1/971 2421/1/969 2391/1/970
f 2422/1/971 2391/1/970 2390/1/972
f 2423/1/973 2422/1/971 2390/1/972
f 2424/1/974 2390/1/972 2389/1/975
f 2424/1/974 2423/1/973 2390/1/972
f 2407/1/976 2424/1/974 2389/1/975
f 2442/1/977 2443/1/978 2444/1/979
f 2442/1/977 2444/1/979 2445/1/980
f 2441/1/981 2442/1/977 2445/1/980
f 2440/1/982 2445/1/980 2446/1/983
f 2440/1/982 2441/1/981 2445/1/980
f 2439/1/984 2446/1/983 2447/1/985
f 2439/1/984 2440/1/982 2446/1/983
f 2438/1/986 2447/1/985 2448/1/987
f 2438/1/986 2439/1/984 2447/1/985
f 2437/1/988 2448/1/987 2449/1/989
f 2437/1/988 2438/1/986 2448/1/987
f 2436/1/990 2449/1/989 2450/1/991
f 2436/1/990 2437/1/988 2449/1/989
f 2435/1/992 2450/1/991 2451/1/993
f 2435/1/992 2436/1/990 2450/1/991
f 2434/1/994 2451/1/993 2452/1/995
f 2434/1/994 2435/1/992 2451/1/993
f 2433/1/996 2452/1/995 2453/1/997
f 2433/1/996 2434/1/994 2452/1/995
f 2432/1/998 2453/1/997 2454/1/999
f 2432/1/998 2433/1/996 2453/1/997
f 2431/1/1000 2454/1/999 2455/1/1001
f 2431/1/1000 2432/1/998 2454/1/999
f 2430/1/1002 2455/1/1001 2456/1/1003
f 2430/1/1002 2431/1/1000 2455/1/1001
f 2429/1/1004 2456/1/1003 2457/1/1005
f 2429/1/1004 2430/1/1002 2456/1/1003
f 2428/1/1006 2457/1/1005 2458/1/1007
f 2428/1/1006 2429/1/1004 2457/1/1005
f 2427/1/1008 2428/1/1006 2458/1/1007
f 2427/1/1008 2458/1/1007 2459/1/1009
f 2426/1/1010 2427/1/1008 2459/1/1009
f 2426/1/1010 2459/1/1009 2460/1/1011
f 2426/1/1010 2460/1/1011 2461/1/1012
f 2425/1/1013 2426/1/1010 2461/1/1012
f 2425/1/1013 2461/1/1012 2462/1/1014
f 2464/1/939 2463/1/940 2482/1/941
f 2484/1/1015 2481/1/943 2480/1/944
f 2484/1/1015 2482/1/941 2481/1/943
f 2484/1/1015 2464/1/939 2482/1/941
f 2485/1/1016 2480/1/944 2479/1/946
f 2485/1/1016 2484/1/1015 2480/1/944
f 2486/1/947 2479/1/946 2478/1/948
f 2486/1/947 2485/1/1016 2479/1/946
f 2487/1/949 2478/1/948 2477/1/950
f 2487/1/949 2486/1/947 2478/1/948
f 2488/1/951 2477/1/950 2476/1/952
f 2488/1/951 2487/1/949 2477/1/950
f 2489/1/953 2476/1/952 2475/1/954
f 2489/1/953 2488/1/951 2476/1/952
f 2490/1/955 2475/1/954 2474/1/956
f 2490/1/955 2489/1/953 2475/1/954
f 2491/1/957 2474/1/956 2473/1/1017
f 2491/1/957 2490/1/955 2474/1/956
f 2492/1/959 2473/1/1017 2472/1/960
f 2492/1/959 2491/1/957 2473/1/1017
f 2493/1/1018 2472/1/960 2471/1/962
f 2493/1/1018 2492/1/959 2472/1/960
f 2494/1/1019 2471/1/962 2470/1/964
f 2494/1/1019 2493/1/1018 2471/1/962
f 2495/1/965 2470/1/964 2469/1/966
f 2495/1/965 2494/1/1019 2470/1/964
f 2496/1/1020 2469/1/966 2468/1/968
f 2496/1/1020 2495/1/965 2469/1/966
f 2497/1/969 2496/1/1020 2468/1/968
f 2497/1/969 2468/1/968 2467/1/970
f 2498/1/971 2497/1/969 2467/1/970
f 2498/1/971 2467/1/970 2466/1/972
f 2499/1/973 2498/1/971 2466/1/972
f 2500/1/974 2466/1/972 2465/1/975
f 2500/1/974 2499/1/973 2466/1/972
f 2483/1/976 2500/1/974 2465/1/975
f 2508/1/1021 2509/1/1022 2510/1/1023
f 2508/1/1021 2510/1/1023 2511/1/1024
f 2507/1/1025 2511/1/1024 2512/1/1026
f 2507/1/1025 2508/1/1021 2511/1/1024
f 2506/1/1027 2512/1/1026 2513/1/1028
f 2506/1/1027 2507/1/1025 2512/1/1026
f 2505/1/1029 2513/1/1028 2514/1/1030
f 2505/1/1029 2506/1/1027 2513/1/1028
f 2504/1/1031 2514/1/1030 2515/1/1032
f 2504/1/1031 2505/1/1029 2514/1/1030
f 2503/1/1033 2515/1/1032 2516/1/1034
f 2503/1/1033 2504/1/1031 2515/1/1032
f 2502/1/1035 2516/1/1034 2517/1/1036
f 2502/1/1035 2503/1/1033 2516/1/1034
f 2501/1/1037 2517/1/1036 2518/1/1038
f 2501/1/1037 2502/1/1035 2517/1/1036
f 2523/1/99 2522/1/99 2521/1/99
f 2524/1/99 2523/1/99 2521/1/99
f 2525/1/99 2524/1/99 2521/1/99
f 2526/1/99 2525/1/99 2521/1/99
f 2527/1/99 2526/1/99 2521/1/99
f 2528/1/99 2527/1/99 2521/1/99
f 2529/1/99 2528/1/99 2521/1/99
f 2530/1/99 2521/1/99 2520/1/99
f 2530/1/99 2529/1/99 2521/1/99
f 2531/1/99 2530/1/99 2520/1/99
f 2532/1/99 2531/1/99 2520/1/99
f 2533/1/99 2532/1/99 2520/1/99
f 2534/1/99 2533/1/99 2520/1/99
f 2535/1/99 2534/1/99 2520/1/99
f 2536/1/99 2535/1/99 2520/1/99
f 2537/1/99 2536/1/99 2520/1/99
f 2538/1/99 2537/1/99 2520/1/99
f 2539/1/99 2538/1/99 2520/1/99
f 2540/1/99 2539/1/99 2520/1/99
f 2541/1/99 2540/1/99 2520/1/99
f 2550/1/99 2549/1/99 2548/1/99
f 2551/1/99 2550/1/99 2548/1/99
f 2552/1/99 2551/1/99 2548/1/99
f 2553/1/99 2552/1/99 2548/1/99
f 2555/1/99 2554/1/99 2553/1/99
f 2556/1/99 2553/1/99 2548/1/99
f 2556/1/99 2555/1/99 2553/1/99
f 2558/1/99 2556/1/99 2548/1/99
f 2558/1/99 2557/1/99 2556/1/99
f 2559/1/99 2558/1/99 2548/1/99
f 2561/1/99 2560/1/99 2559/1/99
f 2561/1/99 2559/1/99 2548/1/99
f 2562/1/99 2561/1/99 2548/1/99
f 2565/1/99 2563/1/99 2562/1/99
f 2565/1/99 2564/1/99 2563/1/99
f 2565/1/99 2562/1/99 2548/1/99
f 2566/1/99 2548/1/99 2547/1/99
f 2566/1/99 2565/1/99 2548/1/99
f 2567/1/99 2546/1/99 2545/1/99
f 2567/1/99 2547/1/99 2546/1/99
f 2567/1/99 2566/1/99 2547/1/99
f 2568/1/99 2545/1/99 2544/1/99
f 2568/1/99 2567/1/99 2545/1/99
f 2569/1/99 2544/1/99 2543/1/99
f 2569/1/99 2568/1/99 2544/1/99
f 2570/1/99 2543/1/99 2542/1/99
f 2570/1/99 2569/1/99 2543/1/99
f 2571/1/99 2542/1/99 2541/1/99
f 2571/1/99 2570/1/99 2542/1/99
f 2519/1/99 2541/1/99 2520/1/99
f 2519/1/99 2572/1/99 2571/1/99
f 2519/1/99 2573/1/99 2572/1/99
f 2519/1/99 2574/1/99 2573/1/99
f 2519/1/99 2575/1/99 2574/1/99
f 2519/1/99 2576/1/99 2575/1/99
f 2519/1/99 2577/1/99 2576/1/99
f 2519/1/99 2578/1/99 2577/1/99
f 2519/1/99 2579/1/99 2578/1/99
f 2519/1/99 2571/1/99 2541/1/99
f 2580/1/99 2579/1/99 2519/1/99
f 2581/1/99 2580/1/99 2519/1/99
f 2582/1/99 2581/1/99 2519/1/99
f 2583/1/99 2582/1/99 2519/1/99
f 2593/1/99 2583/1/99 2519/1/99
f 2593/1/99 2584/1/99 2583/1/99
f 2593/1/99 2585/1/99 2584/1/99
f 2593/1/99 2586/1/99 2585/1/99
f 2587/1/99 2586/1/99 2593/1/99
f 2588/1/99 2587/1/99 2593/1/99
f 2589/1/99 2588/1/99 2593/1/99
f 2590/1/99 2589/1/99 2593/1/99
f 2591/1/99 2590/1/99 2593/1/99
f 2592/1/99 2591/1/99 2593/1/99
f 2607/1/5 2598/1/5 2599/1/5
f 2606/1/5 2598/1/5 2607/1/5
f 2605/1/5 2598/1/5 2606/1/5
f 2604/1/5 2598/1/5 2605/1/5
f 2603/1/5 2598/1/5 2604/1/5
f 2602/1/5 2598/1/5 2603/1/5
f 2601/1/5 2598/1/5 2602/1/5
f 2600/1/5 2598/1/5 2601/1/5
f 2625/1/5 2597/1/5 2598/1/5
f 2625/1/5 2598/1/5 2600/1/5
f 2624/1/5 2597/1/5 2625/1/5
f 2623/1/5 2597/1/5 2624/1/5
f 2622/1/5 2597/1/5 2623/1/5
f 2621/1/5 2597/1/5 2622/1/5
f 2620/1/5 2597/1/5 2621/1/5
f 2619/1/5 2597/1/5 2620/1/5
f 2618/1/5 2597/1/5 2619/1/5
f 2617/1/5 2597/1/5 2618/1/5
f 2616/1/5 2597/1/5 2617/1/5
f 2615/1/5 2597/1/5 2616/1/5
f 2614/1/5 2597/1/5 2615/1/5
f 2613/1/5 2597/1/5 2614/1/5
f 2642/1/5 2608/1/5 2643/1/5
f 2639/1/5 2608/1/5 2642/1/5
f 2639/1/5 2641/1/5 2640/1/5
f 2639/1/5 2642/1/5 2641/1/5
f 2638/1/5 2608/1/5 2639/1/5
f 2636/1/5 2608/1/5 2638/1/5
f 2636/1/5 2638/1/5 2637/1/5
f 2634/1/5 2636/1/5 2635/1/5
f 2634/1/5 2608/1/5 2636/1/5
f 2632/1/5 2634/1/5 2633/1/5
f 2631/1/5 2634/1/5 2632/1/5
f 2630/1/5 2608/1/5 2634/1/5
f 2630/1/5 2634/1/5 2631/1/5
f 2628/1/5 2630/1/5 2629/1/5
f 2627/1/5 2630/1/5 2628/1/5
f 2627/1/5 2608/1/5 2630/1/5
f 2626/1/5 2608/1/5 2627/1/5
f 2661/1/5 2609/1/5 2608/1/5
f 2661/1/5 2608/1/5 2626/1/5
f 2660/1/5 2609/1/5 2661/1/5
f 2659/1/5 2610/1/5 2609/1/5
f 2659/1/5 2609/1/5 2660/1/5
f 2658/1/5 2611/1/5 2610/1/5
f 2658/1/5 2610/1/5 2659/1/5
f 2657/1/5 2612/1/5 2611/1/5
f 2657/1/5 2611/1/5 2658/1/5
f 2656/1/5 2613/1/5 2612/1/5
f 2656/1/5 2612/1/5 2657/1/5
f 2655/1/5 2597/1/5 2613/1/5
f 2655/1/5 2613/1/5 2656/1/5
f 2596/1/5 2649/1/5 2648/1/5
f 2596/1/5 2650/1/5 2649/1/5
f 2596/1/5 2651/1/5 2650/1/5
f 2596/1/5 2652/1/5 2651/1/5
f 2596/1/5 2653/1/5 2652/1/5
f 2596/1/5 2654/1/5 2653/1/5
f 2596/1/5 2655/1/5 2654/1/5
f 2596/1/5 2597/1/5 2655/1/5
f 2647/1/5 2596/1/5 2648/1/5
f 2646/1/5 2596/1/5 2647/1/5
f 2645/1/5 2596/1/5 2646/1/5
f 2644/1/5 2596/1/5 2645/1/5
f 2594/1/5 2596/1/5 2644/1/5
f 2594/1/5 2668/1/5 2667/1/5
f 2594/1/5 2644/1/5 2668/1/5
f 2666/1/5 2594/1/5 2667/1/5
f 2665/1/5 2594/1/5 2666/1/5
f 2664/1/5 2594/1/5 2665/1/5
f 2663/1/5 2594/1/5 2664/1/5
f 2662/1/5 2594/1/5 2663/1/5
f 2595/1/5 2594/1/5 2662/1/5
f 2669/1/2 2670/1/2 2671/1/2
f 2672/1/2 2669/1/2 2671/1/2
f 2674/1/2 2675/1/2 2676/1/2
f 2674/1/2 2676/1/2 2673/1/2
f 2680/1/4 2679/1/4 2677/1/4
f 2678/1/4 2680/1/4 2677/1/4
